Time,AI,AF,AD,AL,AA,BD,BC,AM,AN,AY,AZ,AC,AK,AH,AT,AS,AR,AQ,AG,BB,BA,AO,AP,AV,AU,AX,AW
0,0,0,0,0,0,0,0,0,0,0.5,0.5,0,0,0,0,0,0,0,0,0,0,0,0,0,0,0,0
0.005,-2.86E-18,-6.07E-16,5.91E-13,8.42E-10,3.65E-07,6.74E-06,6.74E-06,6.77E-03,6.77E-03,4.89E-01,4.89E-01,0.00405341,2.80E-05,1.92E-08,2.02E-03,2.02E-03,1.40E-05,1.40E-05,1.91E-08,6.74E-06,6.74E-06,2.02E-07,2.02E-07,9.49E-09,9.49E-09,4.19E-06,4.1884E-06
0.01,3.48E-17,9.04E-14,2.12E-11,1.28E-08,2.77E-06,2.53E-05,2.53E-05,1.33E-02,1.33E-02,4.79E-01,4.79E-01,0.00794763,0.000110113,1.48E-07,3.96E-03,3.96E-03,5.48E-05,5.48E-05,1.48E-07,2.53E-05,2.53E-05,1.54E-06,1.54E-06,7.27E-08,7.27E-08,1.64E-05,1.64175E-05
0.015,9.06E-16,1.07E-12,1.56E-10,6.21E-08,8.91E-06,5.35E-05,5.35E-05,1.96E-02,1.96E-02,4.68E-01,4.68E-01,0.0116885,0.000243615,4.85E-07,5.81E-03,5.81E-03,1.21E-04,1.21E-04,4.83E-07,5.35E-05,5.35E-05,4.96E-06,4.96E-06,2.35E-07,2.35E-07,3.62E-05,3.62072E-05
0.02,6.76E-15,5.87E-12,6.32E-10,1.88E-07,2.01E-05,8.94E-05,8.94E-05,2.57E-02,2.57E-02,4.58E-01,4.58E-01,0.0152816,0.000425889,1.11E-06,7.58E-03,7.58E-03,2.11E-04,2.11E-04,1.11E-06,8.94E-05,8.94E-05,1.12E-05,1.12E-05,5.35E-07,5.35E-07,6.31E-05,6.31075E-05
0.025,3.12E-14,2.17E-11,1.86E-09,4.40E-07,3.74E-05,1.32E-04,1.32E-04,3.16E-02,3.16E-02,4.49E-01,4.49E-01,0.0187324,0.000654432,2.11E-06,9.27E-03,9.27E-03,3.24E-04,3.24E-04,2.09E-06,1.32E-04,1.32E-04,2.10E-05,2.10E-05,1.00E-06,1.00E-06,9.67E-05,9.66965E-05
0.03,1.08E-13,6.26E-11,4.45E-09,8.74E-07,6.17E-05,1.79E-04,1.79E-04,3.73E-02,3.73E-02,4.39E-01,4.39E-01,0.0220461,0.000926849,3.53E-06,1.09E-02,1.09E-02,4.58E-04,4.58E-04,3.49E-06,1.79E-04,1.79E-04,3.48E-05,3.48E-05,1.66E-06,1.66E-06,1.37E-04,0.000136578
0.035,3.06E-13,1.53E-10,9.25E-09,1.55E-06,9.36E-05,2.30E-04,2.30E-04,4.28E-02,4.28E-02,4.30E-01,4.30E-01,0.0252278,0.00124084,5.43E-06,1.24E-02,1.24E-02,6.12E-04,6.12E-04,5.37E-06,2.30E-04,2.30E-04,5.29E-05,5.29E-05,2.53E-06,2.53E-06,1.82E-04,0.000182376
0.04,7.49E-13,3.29E-10,1.74E-08,2.55E-06,0.000133417,0.000283498,0.000283498,0.04806115,0.04806115,0.4213475,0.4213475,0.0282824,0.00159422,7.85E-06,1.39E-02,1.39E-02,7.85E-04,7.85E-04,7.75E-06,2.84E-04,2.84E-04,7.57E-05,7.57E-05,3.63E-06,3.63E-06,2.34E-04,0.000233741
0.045,1.64E-12,6.45E-10,3.02E-08,3.92E-06,0.000181601,0.000339433,0.000339433,0.053183,0.053183,0.4127375,0.4127375,0.0312145,0.00198487,1.08E-05,1.53E-02,1.53E-02,9.75E-04,9.75E-04,1.07E-05,3.39E-04,3.39E-04,1.03E-04,1.03E-04,4.96E-06,4.96E-06,2.90E-04,0.00029034
0.05,3.31E-12,1.17E-09,4.93E-08,5.74E-06,0.00023831,0.000396837,0.000396837,0.0581295,0.0581295,0.404372,0.404372,0.0340286,0.00241078,1.44E-05,1.67E-02,1.67E-02,1.18E-03,1.18E-03,1.42E-05,3.97E-04,3.97E-04,1.36E-04,1.36E-04,6.54E-06,6.54E-06,3.52E-04,0.00035186
0.055,6.20E-12,2.01E-09,7.66E-08,8.08E-06,0.000303646,0.000455168,0.000455168,0.062908,0.062908,0.396244,0.396244,0.0367293,0.00287002,1.86E-05,1.80E-02,1.80E-02,1.40E-03,1.40E-03,1.83E-05,4.55E-04,4.55E-04,1.74E-04,1.74E-04,8.37E-06,8.37E-06,4.18E-04,0.000418006
0.06,1.10E-11,3.28E-09,1.14E-07,1.10E-05,0.000377631,0.00051398,0.00051398,0.0675225,0.0675225,0.388346,0.388346,0.0393206,0.00336075,2.34E-05,1.92E-02,1.92E-02,1.64E-03,1.64E-03,2.30E-05,5.14E-04,5.14E-04,2.17E-04,2.17E-04,1.04E-05,1.04E-05,4.88E-04,0.000488497
0.065,1.85E-11,5.14E-09,1.64E-07,1.46E-05,0.000460223,0.000572895,0.000572895,0.071979,0.071979,0.380671,0.380671,0.0418066,0.00388119,2.89E-05,2.04E-02,2.04E-02,1.89E-03,1.89E-03,2.83E-05,5.73E-04,5.73E-04,2.66E-04,2.66E-04,1.28E-05,1.28E-05,5.63E-04,0.00056307
0.07,2.99E-11,7.77E-09,2.30E-07,1.89E-05,0.000551328,0.000631615,0.000631615,0.076283,0.076283,0.3732125,0.3732125,0.0441914,0.00442965,3.50E-05,2.15E-02,2.15E-02,2.16E-03,2.16E-03,3.43E-05,6.32E-04,6.32E-04,3.20E-04,3.20E-04,1.54E-05,1.54E-05,6.41E-04,0.000641475
0.075,4.67E-11,1.14E-08,3.13E-07,2.40E-05,0.000650807,0.00068988,0.00068988,0.0804385,0.0804385,0.365964,0.365964,0.0464786,0.00500451,4.18E-05,2.25E-02,2.25E-02,2.43E-03,2.43E-03,4.08E-05,6.90E-04,6.90E-04,3.79E-04,3.79E-04,1.82E-05,1.82E-05,7.23E-04,0.00072347
0.08,7.06E-11,1.62E-08,4.18E-07,2.99E-05,0.000758491,0.000747485,0.000747485,0.084451,0.084451,0.358919,0.358919,0.048672,0.00560422,4.92E-05,2.36E-02,2.36E-02,2.72E-03,2.72E-03,4.80E-05,7.48E-04,7.48E-04,4.43E-04,4.43E-04,2.13E-05,2.13E-05,8.09E-04,0.00080884
0.085,1.04E-10,2.27E-08,5.47E-07,3.67E-05,0.000874181,0.00080427,0.00080427,0.0883245,0.0883245,0.352072,0.352072,0.050775,0.0062273,5.73E-05,2.45E-02,2.45E-02,3.02E-03,3.02E-03,5.58E-05,8.05E-04,8.05E-04,5.13E-04,5.13E-04,2.46E-05,2.46E-05,8.97E-04,0.00089737
0.09,1.49E-10,3.10E-08,7.04E-07,4.45E-05,0.000997658,0.00086009,0.00086009,0.0920635,0.0920635,0.345416,0.345416,0.0527911,0.00687231,6.60E-05,2.55E-02,2.55E-02,3.32E-03,3.32E-03,6.42E-05,8.61E-04,8.61E-04,5.87E-04,5.87E-04,2.81E-05,2.81E-05,9.89E-04,0.000988855
0.095,2.10E-10,4.15E-08,8.92E-07,5.33E-05,0.00112869,0.00091485,0.00091485,0.095672,0.095672,0.3389465,0.3389465,0.0547235,0.0075379,7.54E-05,2.63E-02,2.63E-02,3.64E-03,3.64E-03,7.33E-05,9.15E-04,9.15E-04,6.67E-04,6.67E-04,3.19E-05,3.19E-05,1.08E-03,0.00108311
0.1,2.90E-10,5.48E-08,1.12E-06,6.32E-05,0.00126702,0.00096846,0.00096846,0.099154,0.099154,0.332657,0.332657,0.0565755,0.00822277,8.54E-05,2.72E-02,2.72E-02,3.96E-03,3.96E-03,8.29E-05,9.69E-04,9.69E-04,7.51E-04,7.51E-04,3.59E-05,3.59E-05,1.18E-03,0.001179945
0.105,3.94E-10,7.12E-08,1.38E-06,7.42E-05,0.00141241,0.001020865,0.001020865,0.102514,0.102514,0.326543,0.326543,0.05835,0.00892566,9.60E-05,2.80E-02,2.80E-02,4.29E-03,4.29E-03,9.31E-05,1.02E-03,1.02E-03,8.40E-04,8.40E-04,4.01E-05,4.01E-05,1.28E-03,0.001279205
0.11,5.26E-10,9.14E-08,1.68E-06,8.63E-05,0.00156459,0.00107201,0.00107201,0.1057555,0.1057555,0.3205985,0.3205985,0.06005,0.0096454,0.000107227,0.02872935,0.02872935,0.00463276,0.00463276,0.000103793,0.00107304,0.00107304,0.0009341,0.0009341,4.44468E-05,4.44468E-05,0.001380715,0.001380715
0.115,6.93E-10,1.16E-07,2.03E-06,9.96E-05,0.00172329,0.001121865,0.001121865,0.108882,0.108882,0.3148185,0.3148185,0.0616784,0.0103808,0.000119057,0.02945145,0.02945145,0.00497782,0.00497782,0.000115079,0.001123055,0.001123055,0.00103252,0.00103252,4.90356E-05,4.90356E-05,0.001484325,0.001484325
0.12,9.01E-10,1.45E-07,2.44E-06,0.000114153,0.00188827,0.001170415,0.001170415,0.1118975,0.1118975,0.3091985,0.3091985,0.0632378,0.0111309,0.000131465,0.03013805,0.03013805,0.0053288,0.0053288,0.000126893,0.001171775,0.001171775,0.001135375,0.001135375,5.38105E-05,5.38105E-05,0.00158989,0.00158989
0.125,1.16E-09,1.80E-07,2.89E-06,0.000129952,0.00205924,0.00121764,0.00121764,0.1148045,0.1148045,0.3037335,0.3037335,0.064731,0.0118945,0.000144436,0.03079065,0.03079065,0.00568515,0.00568515,0.000139215,0.00121919,0.00121919,0.001242545,0.001242545,5.87625E-05,5.87625E-05,0.001697275,0.001697275
0.13,1.47E-09,2.21E-07,3.41E-06,0.000147042,0.00223596,0.00126354,0.00126354,0.117607,0.117607,0.298419,0.298419,0.0661605,0.0126707,0.000157952,0.03141065,0.03141065,0.00604645,0.00604645,0.000152028,0.001265295,0.001265295,0.001353905,0.001353905,6.38845E-05,6.38845E-05,0.001806345,0.001806345
0.135,1.85E-09,2.70E-07,3.99E-06,0.000165451,0.00241817,0.00130812,0.00130812,0.120308,0.120308,0.2932505,0.2932505,0.0675287,0.0134585,0.000171996,0.0319994,0.0319994,0.00641215,0.00641215,0.000165313,0.001310095,0.001310095,0.001469335,0.001469335,6.91675E-05,6.91675E-05,0.00191698,0.00191698
0.14,2.30E-09,3.26E-07,4.64E-06,0.000185205,0.00260561,0.00135139,0.00135139,0.1229105,0.1229105,0.2882235,0.2882235,0.068838,0.0142569,0.000186549,0.03255825,0.03255825,0.00678185,0.00678185,0.000179049,0.001353595,0.001353595,0.001588705,0.001588705,0.000074604,0.000074604,0.002029065,0.002029065
0.145,2.84E-09,3.91E-07,5.37E-06,0.000206325,0.00279803,0.001393355,0.001393355,0.125418,0.125418,0.2833345,0.2833345,0.0700907,0.0150653,0.000201593,0.03308845,0.03308845,0.0071551,0.0071551,0.000193218,0.001395815,0.001395815,0.00171189,0.00171189,0.000080186,0.000080186,0.002142485,0.002142485
0.15,3.48E-09,4.66E-07,6.17E-06,0.000228832,0.00299519,0.001434035,0.001434035,0.127833,0.127833,0.2785785,0.2785785,0.0712889,0.0158826,0.000217108,0.0335912,0.0335912,0.00753155,0.00753155,0.000207799,0.00143676,0.00143676,0.001838775,0.001838775,0.000085905,0.000085905,0.002257135,0.002257135
0.155,4.23E-09,5.51E-07,7.05E-06,0.000252744,0.00319687,0.001473455,0.001473455,0.130158,0.130158,0.273952,0.273952,0.0724349,0.0167081,0.000233076,0.03406765,0.03406765,0.00791075,0.00791075,0.000222773,0.00147646,0.00147646,0.00196923,0.00196923,0.000091754,0.000091754,0.00237292,0.00237292
0.16,5.11E-09,6.49E-07,8.02E-06,0.000278074,0.00340281,0.001511625,0.001511625,0.132396,0.132396,0.269451,0.269451,0.0735306,0.0175411,0.000249478,0.034519,0.034519,0.0082924,0.0082924,0.00023812,0.001514935,0.001514935,0.00210314,0.00210314,9.77255E-05,9.77255E-05,0.00248974,0.00248974
0.165,6.13E-09,7.59E-07,9.07E-06,0.000304837,0.00361281,0.001548575,0.001548575,0.13455,0.13455,0.265072,0.265072,0.074578,0.0183809,0.000266294,0.03494625,0.03494625,0.0086761,0.0086761,0.000253819,0.0015522,0.0015522,0.00224038,0.00224038,0.000103813,0.000103813,0.002607515,0.002607515
0.17,7.30E-09,8.83E-07,1.02E-05,0.000333042,0.00382664,0.001584335,0.001584335,0.1366225,0.1366225,0.260811,0.260811,0.075579,0.0192266,0.000283505,0.0353505,0.0353505,0.00906155,0.00906155,0.000269853,0.00158829,0.00158829,0.002380835,0.002380835,0.000110007,0.000110007,0.00272615,0.00272615
0.175,8.65E-09,1.02E-06,1.15E-05,0.000362699,0.00404409,0.00161892,0.00161892,0.1386155,0.1386155,0.256665,0.256665,0.0765355,0.0200777,0.000301092,0.03573265,0.03573265,0.0094484,0.0094484,0.0002862,0.001623225,0.001623225,0.00252439,0.00252439,0.000116303,0.000116303,0.00284558,0.00284558
0.18,1.02E-08,1.18E-06,1.28E-05,0.000393812,0.00426495,0.00165236,0.00165236,0.1405315,0.1405315,0.2526305,0.2526305,0.0774491,0.0209336,0.000319036,0.03609375,0.03609375,0.00983645,0.00983645,0.000302843,0.001657035,0.001657035,0.00267093,0.00267093,0.000122694,0.000122694,0.002965715,0.002965715
0.185,1.19E-08,1.35E-06,1.43E-05,0.000426388,0.00448903,0.001684685,0.001684685,0.1423735,0.1423735,0.2487045,0.2487045,0.0783217,0.0217936,0.00033732,0.0364347,0.0364347,0.0102253,0.0102253,0.000319762,0.00168974,0.00168974,0.00282035,0.00282035,0.000129172,0.000129172,0.0030865,0.0030865
0.19,1.39E-08,1.54E-06,1.59E-05,0.000460428,0.00471614,0.00171592,0.00171592,0.144143,0.144143,0.244883,0.244883,0.0791548,0.0226572,0.000355923,0.0367564,0.0367564,0.0106148,0.0106148,0.000336939,0.001721375,0.001721375,0.00297253,0.00297253,0.000135733,0.000135733,0.003207855,0.003207855
0.195,1.62E-08,1.76E-06,1.76E-05,0.000495934,0.00494609,0.00174609,0.00174609,0.1458425,0.1458425,0.2411635,0.2411635,0.0799501,0.0235238,0.000374829,0.03705965,0.03705965,0.01100465,0.01100465,0.000354356,0.001751965,0.001751965,0.00312737,0.00312737,0.000142369,0.000142369,0.00332972,0.00332972
0.2,1.87E-08,1.99E-06,1.94E-05,0.000532904,0.00517871,0.00177523,0.00177523,0.147474,0.147474,0.237543,0.237543,0.0807089,0.024393,0.00039402,0.03734525,0.03734525,0.01139455,0.01139455,0.000371996,0.00178153,0.00178153,0.00328476,0.00328476,0.000149075,0.000149075,0.00345204,0.00345204
0.205,2.15E-08,2.25E-06,2.13E-05,0.000571337,0.00541381,0.001803355,0.001803355,0.14904,0.14904,0.2340185,0.2340185,0.0814329,0.0252641,0.000413478,0.0376141,0.0376141,0.0117844,0.0117844,0.000389841,0.00181011,0.00181011,0.003444605,0.003444605,0.000155846,0.000155846,0.003574755,0.003574755
0.21,2.46E-08,2.53E-06,2.34E-05,0.000611229,0.00565124,0.0018305,0.0018305,0.150542,0.150542,0.230587,0.230587,0.0821234,0.0261368,0.000433186,0.0378668,0.0378668,0.01217395,0.01217395,0.000407874,0.00183772,0.00183772,0.0036068,0.0036068,0.000162677,0.000162677,0.003697815,0.003697815
0.215,2.81E-08,2.84E-06,2.56E-05,0.000652575,0.00589083,0.00185669,0.00185669,0.151982,0.151982,0.227246,0.227246,0.0827818,0.0270106,0.000453127,0.0381042,0.0381042,0.0125629,0.0125629,0.000426081,0.00186439,0.00186439,0.003771245,0.003771245,0.000169561,0.000169561,0.00382117,0.00382117
0.22,3.20E-08,3.18E-06,2.79E-05,0.000695367,0.00613242,0.00188195,0.00188195,0.1533625,0.1533625,0.2239925,0.2239925,0.0834094,0.0278851,0.000473286,0.03832695,0.03832695,0.0129512,0.0129512,0.000444443,0.00189015,0.00189015,0.003937845,0.003937845,0.000176494,0.000176494,0.00394477,0.00394477
0.225,3.63E-08,3.55E-06,3.04E-05,0.0007396,0.00637588,0.00190631,0.00190631,0.1546845,0.1546845,0.2208245,0.2208245,0.0840074,0.0287599,0.000493647,0.0385357,0.0385357,0.0133386,0.0133386,0.000462948,0.00191502,0.00191502,0.004106515,0.004106515,0.000183472,0.000183472,0.004068575,0.004068575
0.23,4.10E-08,3.94E-06,3.30E-05,0.000785263,0.00662106,0.001929785,0.001929785,0.15595,0.15595,0.2177395,0.2177395,0.084577,0.0296345,0.000514193,0.0387311,0.0387311,0.01372495,0.01372495,0.000481579,0.001939025,0.001939025,0.00427715,0.00427715,0.00019049,0.00019049,0.00419254,0.00419254
0.235,4.62E-08,4.37E-06,3.58E-05,0.000832347,0.00686781,0.00195241,0.00195241,0.157161,0.157161,0.2147345,0.2147345,0.0851195,0.0305087,0.000534911,0.03891375,0.03891375,0.0141101,0.0141101,0.000500322,0.001962195,0.001962195,0.00444967,0.00444967,0.000197543,0.000197543,0.00431663,0.00431663
0.24,5.19E-08,4.84E-06,3.87E-05,0.000880841,0.00711601,0.00197421,0.00197421,0.158319,0.158319,0.211808,0.211808,0.0856359,0.031382,0.000555786,0.0390843,0.0390843,0.0144939,0.0144939,0.000519164,0.00198455,0.00198455,0.00462399,0.00462399,0.000204627,0.000204627,0.004440805,0.004440805
0.245,5.81E-08,5.34E-06,4.18E-05,0.000930733,0.00736553,0.001995195,0.001995195,0.159426,0.159426,0.2089565,0.2089565,0.0861274,0.0322542,0.000576803,0.03924325,0.03924325,0.0148762,0.0148762,0.000538091,0.002006115,0.002006115,0.00480002,0.00480002,0.000211738,0.000211738,0.004565035,0.004565035
0.25,6.48E-08,5.88E-06,4.50E-05,0.00098201,0.00761625,0.002015405,0.002015405,0.1604825,0.1604825,0.206179,0.206179,0.086595,0.0331249,0.000597949,0.0393912,0.0393912,0.0152569,0.0152569,0.000557091,0.00202691,0.00202691,0.004977685,0.004977685,0.000218873,0.000218873,0.004689285,0.004689285
0.255,7.22E-08,6.46E-06,4.84E-05,0.00103466,0.00786805,0.00203485,0.00203485,0.1614915,0.1614915,0.2034725,0.2034725,0.0870396,0.0339939,0.000619211,0.0395286,0.0395286,0.0156358,0.0156358,0.000576151,0.00204696,0.00204696,0.0051569,0.0051569,0.000226028,0.000226028,0.00481352,0.00481352
0.26,8.02E-08,7.08E-06,5.19E-05,0.00108866,0.00812082,0.00205356,0.00205356,0.162453,0.162453,0.200836,0.200836,0.0874623,0.0348608,0.000640577,0.039656,0.039656,0.0160129,0.0160129,0.000595259,0.002066285,0.002066285,0.0053376,0.0053376,0.000233199,0.000233199,0.00493772,0.00493772
0.265,8.89E-08,7.75E-06,5.57E-05,0.00114401,0.00837444,0.00207155,0.00207155,0.16337,0.16337,0.198266,0.198266,0.0878639,0.0357255,0.000662033,0.0397739,0.0397739,0.016388,0.016388,0.000614404,0.00208491,0.00208491,0.00551965,0.00551965,0.000240383,0.000240383,0.00506185,0.00506185
0.27,9.83E-08,8.46E-06,5.96E-05,0.00120069,0.00862883,0.002088845,0.002088845,0.1642425,0.1642425,0.195762,0.195762,0.0882455,0.0365876,0.000683569,0.0398827,0.0398827,0.01676105,0.01676105,0.000633575,0.00210285,0.00210285,0.00570305,0.00570305,0.000247577,0.000247577,0.0051859,0.0051859
0.275,1.08E-07,9.21E-06,6.36E-05,0.00125867,0.00888386,0.002105465,0.002105465,0.1650725,0.1650725,0.193321,0.193321,0.0886077,0.0374469,0.000705171,0.03998285,0.03998285,0.0171319,0.0171319,0.000652761,0.00212013,0.00212013,0.0058877,0.0058877,0.000254777,0.000254777,0.00530985,0.00530985
0.28,1.19E-07,1.00E-05,6.79E-05,0.00131795,0.00913946,0.00212143,0.00212143,0.165861,0.165861,0.1909415,0.1909415,0.0889516,0.0383032,0.000726831,0.04007485,0.04007485,0.01750055,0.01750055,0.000671953,0.002136765,0.002136765,0.00607355,0.00607355,0.000261981,0.000261981,0.00543365,0.00543365
0.285,1.31E-07,1.09E-05,7.23E-05,0.0013785,0.00939553,0.002136755,0.002136755,0.16661,0.16661,0.1886225,0.1886225,0.0892777,0.0391562,0.000748536,0.04015905,0.04015905,0.0178669,0.0178669,0.00069114,0.00215278,0.00215278,0.0062605,0.0062605,0.000269187,0.000269187,0.00555725,0.00555725
0.29,1.44E-07,1.18E-05,7.69E-05,0.0014403,0.00965197,0.002151465,0.002151465,0.1673195,0.1673195,0.186361,0.186361,0.089587,0.0400059,0.000770277,0.0402358,0.0402358,0.0182308,0.0182308,0.000710315,0.00216819,0.00216819,0.0064485,0.0064485,0.000276391,0.000276391,0.00568075,0.00568075
0.295,1.57E-07,1.28E-05,8.16E-05,0.00150335,0.00990872,0.002165575,0.002165575,0.167992,0.167992,0.184156,0.184156,0.0898802,0.040852,0.000792044,0.04030555,0.04030555,0.01859225,0.01859225,0.000729467,0.00218301,0.00218301,0.0066375,0.0066375,0.00028359,0.00028359,0.00580405,0.00580405
0.3,1.72E-07,1.38E-05,8.66E-05,0.00156761,0.0101657,0.002179105,0.002179105,0.168628,0.168628,0.182006,0.182006,0.0901579,0.0416942,0.000813828,0.0403686,0.0403686,0.0189512,0.0189512,0.000748589,0.002197265,0.002197265,0.0068274,0.0068274,0.000290784,0.000290784,0.0059271,0.0059271
0.305,1.87E-07,1.49E-05,9.18E-05,0.00163308,0.0104228,0.00219207,0.00219207,0.169229,0.169229,0.1799095,0.1799095,0.0904209,0.0425326,0.000835619,0.04042535,0.04042535,0.01930755,0.01930755,0.000767673,0.002210965,0.002210965,0.00701815,0.00701815,0.000297968,0.000297968,0.00604995,0.00604995
0.31,2.04E-07,1.60E-05,9.71E-05,0.00169973,0.0106799,0.002204485,0.002204485,0.1697955,0.1697955,0.1778645,0.1778645,0.0906698,0.0433668,0.000857409,0.04047605,0.04047605,0.0196613,0.0196613,0.000786711,0.00222413,0.00222413,0.00720975,0.00720975,0.000305142,0.000305142,0.0061726,0.0061726
0.315,2.21E-07,1.72E-05,0.000102628,0.00176753,0.0109371,0.00221637,0.00221637,0.1703285,0.1703285,0.1758695,0.1758695,0.0909053,0.0441969,0.00087919,0.0405211,0.0405211,0.0200123,0.0200123,0.000805696,0.00223677,0.00223677,0.00740205,0.00740205,0.000312303,0.000312303,0.00629495,0.00629495
0.32,2.40E-07,1.85E-05,0.000108353,0.00183648,0.0111942,0.00222774,0.00222774,0.17083,0.17083,0.1739235,0.1739235,0.0911279,0.0450225,0.000900954,0.04056075,0.04056075,0.0203606,0.0203606,0.000824622,0.00224891,0.00224891,0.00759505,0.00759505,0.000319449,0.000319449,0.00641705,0.00641705
0.325,2.60E-07,1.98E-05,0.000114273,0.00190655,0.0114511,0.00223861,0.00223861,0.1713,0.1713,0.172025,0.172025,0.0913382,0.0458437,0.000922692,0.0405953,0.0405953,0.02070615,0.02070615,0.000843481,0.002260565,0.002260565,0.0077887,0.0077887,0.000326579,0.000326579,0.0065389,0.0065389
0.33,2.81E-07,2.12E-05,0.00012039,0.00197771,0.0117079,0.00224899,0.00224899,0.1717405,0.1717405,0.1701725,0.1701725,0.0915368,0.0466602,0.000944399,0.040625,0.040625,0.0210489,0.0210489,0.000862269,0.00227174,0.00227174,0.00798295,0.00798295,0.00033369,0.00033369,0.00666045,0.00666045
0.335,3.04E-07,2.27E-05,0.000126705,0.00204996,0.0119644,0.002258905,0.002258905,0.1721515,0.1721515,0.1683645,0.1683645,0.0917242,0.0474721,0.000966067,0.04065015,0.04065015,0.0213888,0.0213888,0.000880978,0.002282455,0.002282455,0.0081777,0.0081777,0.000340781,0.000340781,0.00678175,0.00678175
0.34,3.27E-07,2.43E-05,0.00013322,0.00212326,0.0122205,0.00226836,0.00226836,0.172534,0.172534,0.1666,0.1666,0.091901,0.0482791,0.000987689,0.040671,0.040671,0.0217258,0.0217258,0.000899604,0.002292725,0.002292725,0.00837295,0.00837295,0.00034785,0.00034785,0.0069027,0.0069027
0.345,3.52E-07,2.59E-05,0.000139936,0.0021976,0.0124763,0.002277375,0.002277375,0.1728895,0.1728895,0.164878,0.164878,0.0920676,0.0490812,0.00100926,0.04068775,0.04068775,0.02205995,0.02205995,0.000918141,0.00230256,0.00230256,0.00856865,0.00856865,0.000354897,0.000354897,0.00702335,0.00702335
0.35,3.79E-07,2.76E-05,0.000146855,0.00227296,0.0127317,0.00228596,0.00228596,0.173218,0.173218,0.163197,0.163197,0.0922245,0.0498783,0.00103077,0.0407007,0.0407007,0.0223912,0.0223912,0.000936585,0.002311975,0.002311975,0.00876475,0.00876475,0.000361919,0.000361919,0.00714375,0.00714375
0.355,4.07E-07,2.94E-05,0.000153978,0.00234931,0.0129866,0.002294125,0.002294125,0.1735215,0.1735215,0.1615555,0.1615555,0.0923722,0.0506703,0.00105222,0.04071005,0.04071005,0.0227195,0.0227195,0.000954931,0.00232098,0.00232098,0.0089612,0.0089612,0.000368916,0.000368916,0.00726375,0.00726375
0.36,4.36E-07,3.12E-05,0.000161306,0.00242663,0.013241,0.00230189,0.00230189,0.1737995,0.1737995,0.159953,0.159953,0.0925111,0.0514572,0.0010736,0.04071595,0.04071595,0.0230449,0.0230449,0.000973176,0.002329595,0.002329595,0.00915795,0.00915795,0.000375885,0.000375885,0.00738345,0.00738345
0.365,4.67E-07,3.32E-05,0.000168839,0.00250491,0.0134949,0.00230926,0.00230926,0.174054,0.174054,0.158388,0.158388,0.0926416,0.0522389,0.00109491,0.0407187,0.0407187,0.0233673,0.0233673,0.000991314,0.002337825,0.002337825,0.00935495,0.00935495,0.000382827,0.000382827,0.00750285,0.00750285
0.37,5.00E-07,3.52E-05,0.00017658,0.00258411,0.0137481,0.00231625,0.00231625,0.1742845,0.1742845,0.1568595,0.1568595,0.0927642,0.0530153,0.00111614,0.0407184,0.0407184,0.02368675,0.02368675,0.00100934,0.002345685,0.002345685,0.00955215,0.00955215,0.000389739,0.000389739,0.0076219,0.0076219
0.375,5.34E-07,3.73E-05,0.000184529,0.00266423,0.0140007,0.002322875,0.002322875,0.174493,0.174493,0.155367,0.155367,0.0928792,0.0537863,0.00113728,0.0407153,0.0407153,0.0240032,0.0240032,0.00102726,0.00235318,0.00235318,0.0097496,0.0097496,0.000396621,0.000396621,0.0077406,0.0077406
0.38,5.70E-07,3.96E-05,0.000192686,0.00274523,0.0142526,0.00232914,0.00232914,0.1746795,0.1746795,0.1539085,0.1539085,0.092987,0.054552,0.00115834,0.04070955,0.04070955,0.0243167,0.0243167,0.00104506,0.00236033,0.00236033,0.00994715,0.00994715,0.000403472,0.000403472,0.00785895,0.00785895
0.385,6.08E-07,4.19E-05,0.000201053,0.0028271,0.0145038,0.002335055,0.002335055,0.174845,0.174845,0.152484,0.152484,0.093088,0.0553123,0.00117931,0.04070135,0.04070135,0.0246272,0.0246272,0.00106274,0.00236714,0.00236714,0.0101448,0.0101448,0.000410291,0.000410291,0.007977,0.007977
0.39,6.48E-07,4.43E-05,0.000209629,0.00290981,0.0147543,0.00234064,0.00234064,0.17499,0.17499,0.1510915,0.1510915,0.0931824,0.0560671,0.00120018,0.0406908,0.0406908,0.02493475,0.02493475,0.00108029,0.00237362,0.00237362,0.01034255,0.01034255,0.000417077,0.000417077,0.00809465,0.00809465
0.395,6.89E-07,4.68E-05,0.000218416,0.00299335,0.0150039,0.002345895,0.002345895,0.175115,0.175115,0.1497315,0.1497315,0.0932707,0.0568164,0.00122095,0.0406781,0.0406781,0.0252393,0.0252393,0.00109773,0.00237978,0.00237978,0.01054035,0.01054035,0.00042383,0.00042383,0.008212,0.008212
0.4,7.32E-07,4.93E-05,0.000227414,0.0030777,0.0152527,0.002350835,0.002350835,0.175221,0.175221,0.148402,0.148402,0.0933532,0.0575602,0.00124162,0.0406634,0.0406634,0.02554085,0.02554085,0.00111503,0.002385635,0.002385635,0.01073815,0.01073815,0.000430548,0.000430548,0.00832895,0.00832895
0.405,7.78E-07,5.20E-05,0.000236624,0.00316282,0.0155007,0.00235547,0.00235547,0.1753085,0.1753085,0.147102,0.147102,0.0934301,0.0582985,0.00126218,0.0406468,0.0406468,0.02583945,0.02583945,0.00113221,0.002391185,0.002391185,0.0109359,0.0109359,0.000437231,0.000437231,0.00844555,0.00844555
0.41,8.25E-07,5.48E-05,0.000246045,0.00324871,0.0157479,0.002359805,0.002359805,0.175378,0.175378,0.1458315,0.1458315,0.0935017,0.0590311,0.00128263,0.04062845,0.04062845,0.02613505,0.02613505,0.00114925,0.00239645,0.00239645,0.0111336,0.0111336,0.000443879,0.000443879,0.0085618,0.0085618
0.415,8.74E-07,5.77E-05,0.000255678,0.00333534,0.0159941,0.002363855,0.002363855,0.17543,0.17543,0.1445895,0.1445895,0.0935684,0.0597582,0.00130297,0.0406085,0.0406085,0.02642775,0.02642775,0.00116616,0.00240143,0.00240143,0.01133125,0.01133125,0.00045049,0.00045049,0.0086777,0.0086777
0.42,9.26E-07,6.07E-05,0.000265524,0.00342268,0.0162394,0.002367625,0.002367625,0.175465,0.175465,0.143375,0.143375,0.0936303,0.0604797,0.0013232,0.0405871,0.0405871,0.02671745,0.02671745,0.00118294,0.00240614,0.00240614,0.01152875,0.01152875,0.000457064,0.000457064,0.00879325,0.00879325
0.425,9.79E-07,6.38E-05,0.000275581,0.00351073,0.0164837,0.002371125,0.002371125,0.175484,0.175484,0.142187,0.142187,0.0936878,0.0611956,0.00134331,0.04056425,0.04056425,0.02700425,0.02700425,0.00119958,0.002410585,0.002410585,0.01172615,0.01172615,0.000463602,0.000463602,0.0089084,0.0089084
0.43,1.04E-06,6.70E-05,0.000285851,0.00359946,0.0167271,0.00237436,0.00237436,0.1754875,0.1754875,0.141025,0.141025,0.0937411,0.0619059,0.00136331,0.0405402,0.0405402,0.0272881,0.0272881,0.00121609,0.00241477,0.00241477,0.01192335,0.01192335,0.000470102,0.000470102,0.00902325,0.00902325
0.435,1.09E-06,7.04E-05,0.000296333,0.00368885,0.0169694,0.002377345,0.002377345,0.1754755,0.1754755,0.1398885,0.1398885,0.0937904,0.0626106,0.00138318,0.04051495,0.04051495,0.02756905,0.02756905,0.00123245,0.00241871,0.00241871,0.01212035,0.01212035,0.000476563,0.000476563,0.0091377,0.0091377
0.44,1.15E-06,7.38E-05,0.000307028,0.00377888,0.0172108,0.00238008,0.00238008,0.175449,0.175449,0.1387765,0.1387765,0.0938359,0.0633096,0.00140293,0.04048865,0.04048865,0.0278471,0.0278471,0.00124868,0.002422405,0.002422405,0.01231715,0.01231715,0.000482987,0.000482987,0.0092518,0.0092518
0.445,1.22E-06,7.74E-05,0.000317934,0.00386953,0.0174511,0.00238258,0.00238258,0.175408,0.175408,0.1376885,0.1376885,0.0938779,0.0640031,0.00142255,0.04046135,0.04046135,0.02812225,0.02812225,0.00126476,0.00242587,0.00242587,0.0125137,0.0125137,0.000489371,0.000489371,0.00936555,0.00936555
0.45,1.28E-06,8.10E-05,0.000329052,0.00396078,0.0176904,0.00238485,0.00238485,0.1753535,0.1753535,0.1366235,0.1366235,0.0939166,0.0646909,0.00144205,0.0404332,0.0404332,0.02839455,0.02839455,0.00128071,0.002429105,0.002429105,0.01271,0.01271,0.000495716,0.000495716,0.0094789,0.0094789
0.455,1.35E-06,8.48E-05,0.000340382,0.00405261,0.0179286,0.00238689,0.00238689,0.175286,0.175286,0.1355815,0.1355815,0.0939521,0.0653731,0.00146142,0.04040425,0.04040425,0.028664,0.028664,0.00129651,0.002432125,0.002432125,0.012906,0.012906,0.00050202,0.00050202,0.00959195,0.00959195
0.46,1.42E-06,8.87E-05,0.000351922,0.004145,0.0181657,0.00238872,0.00238872,0.1752055,0.1752055,0.1345615,0.1345615,0.0939847,0.0660498,0.00148066,0.0403746,0.0403746,0.0289306,0.0289306,0.00131217,0.00243493,0.00243493,0.0131017,0.0131017,0.00050829,0.00050829,0.0097046,0.0097046
0.465,1.49E-06,9.27E-05,0.000363674,0.00423794,0.0184018,0.002390335,0.002390335,0.175112,0.175112,0.1335625,0.1335625,0.0940145,0.0667208,0.00149977,0.04034435,0.04034435,0.0291944,0.0291944,0.00132769,0.002437525,0.002437525,0.01329705,0.01329705,0.000514515,0.000514515,0.0098169,0.0098169
0.47,1.57E-06,9.69E-05,0.000375636,0.0043314,0.0186367,0.00239175,0.00239175,0.175007,0.175007,0.1325845,0.1325845,0.0940418,0.0673863,0.00151875,0.0403135,0.0403135,0.02945545,0.02945545,0.00134307,0.002439925,0.002439925,0.01349205,0.01349205,0.000520705,0.000520705,0.00992885,0.00992885
0.475,1.65E-06,0.000101175,0.000387807,0.00442537,0.0188705,0.002392965,0.002392965,0.1748905,0.1748905,0.131627,0.131627,0.0940666,0.0680463,0.0015376,0.04028215,0.04028215,0.0297137,0.0297137,0.0013583,0.00244213,0.00244213,0.0136867,0.0136867,0.00052685,0.00052685,0.01004045,0.01004045
0.48,1.73E-06,0.00010558,0.000400188,0.00451982,0.0191032,0.00239399,0.00239399,0.174763,0.174763,0.130689,0.130689,0.0940891,0.0687007,0.00155631,0.0402504,0.0402504,0.0299692,0.0299692,0.00137339,0.00244415,0.00244415,0.01388095,0.01388095,0.000532955,0.000532955,0.01015165,0.01015165
0.485,1.81E-06,0.000110113,0.000412778,0.00461474,0.0193347,0.002394825,0.002394825,0.1746245,0.1746245,0.12977,0.12977,0.0941094,0.0693496,0.00157489,0.04021825,0.04021825,0.03022195,0.03022195,0.00138834,0.002445985,0.002445985,0.0140748,0.0140748,0.000539025,0.000539025,0.01026255,0.01026255
0.49,1.90E-06,0.000114777,0.000425575,0.00471012,0.019565,0.002395485,0.002395485,0.1744755,0.1744755,0.12887,0.12887,0.0941278,0.0699931,0.00159333,0.04018585,0.04018585,0.03047205,0.03047205,0.00140314,0.002447645,0.002447645,0.0142682,0.0142682,0.00054505,0.00054505,0.0103731,0.0103731
0.495,1.98E-06,0.000119572,0.00043858,0.00480593,0.0197942,0.002395975,0.002395975,0.1743165,0.1743165,0.1279875,0.1279875,0.0941444,0.070631,0.00161164,0.0401532,0.0401532,0.03071945,0.03071945,0.00141781,0.002449135,0.002449135,0.0144612,0.0144612,0.000551035,0.000551035,0.01048325,0.01048325
0.5,2.08E-06,0.000124501,0.000451792,0.00490216,0.0200223,0.002396295,0.002396295,0.174148,0.174148,0.1271235,0.1271235,0.0941592,0.0712636,0.00162981,0.04012035,0.04012035,0.03096415,0.03096415,0.00143233,0.00245046,0.00245046,0.0146537,0.0146537,0.00055698,0.00055698,0.0105931,0.0105931
0.505,2.17E-06,0.000129564,0.000465209,0.00499878,0.0202491,0.00239645,0.00239645,0.1739695,0.1739695,0.126276,0.126276,0.0941725,0.0718907,0.00164784,0.0400873,0.0400873,0.03120625,0.03120625,0.0014467,0.002451625,0.002451625,0.01484575,0.01484575,0.000562885,0.000562885,0.01070255,0.01070255
0.51,2.27E-06,0.000134764,0.000478831,0.00509579,0.0204748,0.00239645,0.00239645,0.1737825,0.1737825,0.1254455,0.1254455,0.0941843,0.0725125,0.00166574,0.04005425,0.04005425,0.03144575,0.03144575,0.00146094,0.00245263,0.00245263,0.01503735,0.01503735,0.00056875,0.00056875,0.0108117,0.0108117
0.515,2.37E-06,0.000140102,0.000492658,0.00519317,0.0206993,0.002396295,0.002396295,0.1735865,0.1735865,0.1246315,0.1246315,0.0941947,0.0731289,0.0016835,0.0400211,0.0400211,0.0316827,0.0316827,0.00147503,0.00245349,0.00245349,0.01522845,0.01522845,0.000574575,0.000574575,0.0109205,0.0109205
0.52,2.47E-06,0.00014558,0.000506687,0.00529089,0.0209225,0.002395995,0.002395995,0.1733825,0.1733825,0.123833,0.123833,0.0942038,0.07374,0.00170113,0.0399879,0.0399879,0.03191705,0.03191705,0.00148899,0.002454205,0.002454205,0.015419,0.015419,0.00058036,0.00058036,0.01102895,0.01102895
0.525,2.58E-06,0.000151199,0.000520919,0.00538895,0.0211446,0.00239555,0.00239555,0.17317,0.17317,0.12305,0.12305,0.0942118,0.0743458,0.00171862,0.0399548,0.0399548,0.03214885,0.03214885,0.0015028,0.00245478,0.00245478,0.01560905,0.01560905,0.0005861,0.0005861,0.01113705,0.01113705
0.53,2.69E-06,0.00015696,0.000535352,0.00548732,0.0213655,0.00239497,0.00239497,0.17295,0.17295,0.122282,0.122282,0.0942188,0.0749463,0.00173597,0.03992175,0.03992175,0.03237815,0.03237815,0.00151648,0.002455215,0.002455215,0.01579855,0.01579855,0.000591805,0.000591805,0.0112448,0.0112448
0.535,2.80E-06,0.000162865,0.000549986,0.005586,0.0215851,0.002394255,0.002394255,0.1727225,0.1727225,0.1215285,0.1215285,0.0942248,0.0755417,0.00175318,0.0398888,0.0398888,0.032605,0.032605,0.00153002,0.00245552,0.00245552,0.01598755,0.01598755,0.00059747,0.00059747,0.0113522,0.0113522
0.54,2.92E-06,0.000168915,0.000564818,0.00568496,0.0218035,0.00239341,0.00239341,0.1724875,0.1724875,0.1207895,0.1207895,0.0942299,0.0761318,0.00177026,0.039856,0.039856,0.03282935,0.03282935,0.00154342,0.0024557,0.0024557,0.01617595,0.01617595,0.00060309,0.00060309,0.0114593,0.0114593
0.545,3.04E-06,0.000175112,0.000579849,0.00578419,0.0220208,0.00239244,0.00239244,0.1722455,0.1722455,0.120064,0.120064,0.0942342,0.0767168,0.00178719,0.03982335,0.03982335,0.0330513,0.0330513,0.00155668,0.002455755,0.002455755,0.0163638,0.0163638,0.000608675,0.000608675,0.011566,0.011566
0.55,3.16E-06,0.000181456,0.000595077,0.00588368,0.0222367,0.00239135,0.00239135,0.171997,0.171997,0.1193525,0.1193525,0.0942379,0.0772967,0.001804,0.0397909,0.0397909,0.0332708,0.0332708,0.0015698,0.00245569,0.00245569,0.01655105,0.01655105,0.00061422,0.00061422,0.01167245,0.01167245
0.555,3.29E-06,0.00018795,0.000610501,0.00598341,0.0224515,0.002390145,0.002390145,0.171742,0.171742,0.1186535,0.1186535,0.0942409,0.0778715,0.00182066,0.03975865,0.03975865,0.033488,0.033488,0.0015828,0.002455505,0.002455505,0.0167377,0.0167377,0.000619725,0.000619725,0.0117785,0.0117785
0.56,3.42E-06,0.000194595,0.000626119,0.00608337,0.0226651,0.002388825,0.002388825,0.1714805,0.1714805,0.117968,0.117968,0.0942433,0.0784413,0.00183719,0.0397267,0.0397267,0.0337028,0.0337028,0.00159565,0.002455215,0.002455215,0.0169238,0.0169238,0.00062519,0.00062519,0.01188425,0.01188425
0.565,3.56E-06,0.000201391,0.000641931,0.00618354,0.0228774,0.002387395,0.002387395,0.171213,0.171213,0.1172945,0.1172945,0.0942452,0.0790061,0.00185359,0.039695,0.039695,0.03391525,0.03391525,0.00160838,0.002454815,0.002454815,0.01710925,0.01710925,0.000630615,0.000630615,0.01198965,0.01198965
0.57,3.69E-06,0.000208341,0.000657936,0.0062839,0.0230885,0.00238586,0.00238586,0.17094,0.17094,0.116633,0.116633,0.0942467,0.0795659,0.00186985,0.0396636,0.0396636,0.0341254,0.0341254,0.00162097,0.00245431,0.00245431,0.01729415,0.01729415,0.000636,0.000636,0.01209475,0.01209475
0.575,3.83E-06,0.000215444,0.000674131,0.00638445,0.0232983,0.002384225,0.002384225,0.1706615,0.1706615,0.1159835,0.1159835,0.0942479,0.0801207,0.00188597,0.0396325,0.0396325,0.0343333,0.0343333,0.00163343,0.0024537,0.0024537,0.0174784,0.0174784,0.00064135,0.00064135,0.0121995,0.0121995
0.58,3.98E-06,0.000222703,0.000690517,0.00648518,0.023507,0.00238249,0.00238249,0.1703775,0.1703775,0.1153455,0.1153455,0.0942487,0.0806707,0.00190197,0.03960175,0.03960175,0.03453895,0.03453895,0.00164576,0.002452995,0.002452995,0.017662,0.017662,0.00064666,0.00064666,0.01230395,0.01230395
0.585,4.13E-06,0.000230119,0.00070709,0.00658606,0.0237144,0.00238066,0.00238066,0.1700885,0.1700885,0.1147185,0.1147185,0.0942493,0.0812159,0.00191782,0.03957135,0.03957135,0.0347424,0.0347424,0.00165796,0.002452195,0.002452195,0.017845,0.017845,0.00065193,0.00065193,0.01240805,0.01240805
0.59,4.28E-06,0.000237692,0.000723851,0.00668708,0.0239206,0.00237874,0.00237874,0.1697945,0.1697945,0.1141025,0.1141025,0.0942496,0.0817562,0.00193355,0.0395413,0.0395413,0.0349436,0.0349436,0.00167003,0.002451305,0.002451305,0.0180273,0.0180273,0.00065716,0.00065716,0.0125118,0.0125118
0.595,4.43E-06,0.000245424,0.000740798,0.00678823,0.0241255,0.00237673,0.00237673,0.169496,0.169496,0.1134975,0.1134975,0.0942499,0.0822918,0.00194914,0.03951165,0.03951165,0.0351427,0.0351427,0.00168197,0.002450325,0.002450325,0.018209,0.018209,0.000662355,0.000662355,0.0126153,0.0126153
0.6,4.59E-06,0.000253316,0.00075793,0.00688951,0.0243293,0.002374635,0.002374635,0.169193,0.169193,0.1129025,0.1129025,0.09425,0.0828227,0.0019646,0.0394824,0.0394824,0.0353396,0.0353396,0.00169379,0.00244926,0.00244926,0.01839005,0.01839005,0.00066751,0.00066751,0.0127184,0.0127184
0.605,4.75E-06,0.000261369,0.000775245,0.00699089,0.0245318,0.002372455,0.002372455,0.1688855,0.1688855,0.1123175,0.1123175,0.09425,0.0833489,0.00197993,0.0394536,0.0394536,0.0355344,0.0355344,0.00170549,0.00244811,0.00244811,0.01857045,0.01857045,0.00067263,0.00067263,0.01282125,0.01282125
0.61,4.92E-06,0.000269584,0.000792741,0.00709236,0.0247331,0.002370195,0.002370195,0.1685735,0.1685735,0.1117425,0.1117425,0.09425,0.0838704,0.00199513,0.03942515,0.03942515,0.0357271,0.0357271,0.00171706,0.002446885,0.002446885,0.01875015,0.01875015,0.00067771,0.00067771,0.01292375,0.01292375
0.615,5.09E-06,0.000277961,0.000810418,0.00719392,0.0249332,0.00236786,0.00236786,0.168258,0.168258,0.1111775,0.1111775,0.0942501,0.0843874,0.0020102,0.0393972,0.0393972,0.03591775,0.03591775,0.00172851,0.00244558,0.00244558,0.0189292,0.0189292,0.000682755,0.000682755,0.01302595,0.01302595
0.62,5.26E-06,0.000286503,0.000828274,0.00729555,0.0251321,0.00236545,0.00236545,0.1679385,0.1679385,0.1106215,0.1106215,0.0942501,0.0848997,0.00202515,0.03936965,0.03936965,0.03610635,0.03610635,0.00173983,0.0024442,0.0024442,0.01910755,0.01910755,0.000687765,0.000687765,0.0131278,0.0131278
0.625,5.44E-06,0.000295209,0.000846307,0.00739724,0.0253297,0.00236297,0.00236297,0.1676155,0.1676155,0.1100745,0.1100745,0.0942503,0.0854076,0.00203996,0.03934255,0.03934255,0.0362929,0.0362929,0.00175104,0.002442745,0.002442745,0.01928525,0.01928525,0.000692735,0.000692735,0.01322935,0.01322935
0.63,5.62E-06,0.00030408,0.000864516,0.00749897,0.0255262,0.00236042,0.00236042,0.167289,0.167289,0.1095365,0.1095365,0.0942506,0.085911,0.00205465,0.0393159,0.0393159,0.0364775,0.0364775,0.00176213,0.002441225,0.002441225,0.0194623,0.0194623,0.00069767,0.00069767,0.0133306,0.0133306
0.635,5.81E-06,0.000313119,0.0008829,0.00760075,0.0257214,0.002357805,0.002357805,0.166959,0.166959,0.109007,0.109007,0.094251,0.08641,0.00206921,0.03928975,0.03928975,0.0366601,0.0366601,0.0017731,0.00243964,0.00243964,0.0196386,0.0196386,0.000702565,0.000702565,0.01343155,0.01343155
0.64,6.00E-06,0.000322324,0.000901458,0.00770254,0.0259155,0.002355125,0.002355125,0.166626,0.166626,0.108486,0.108486,0.0942516,0.0869045,0.00208365,0.03926405,0.03926405,0.0368408,0.0368408,0.00178396,0.002437985,0.002437985,0.01981425,0.01981425,0.00070743,0.00070743,0.0135322,0.0135322
0.645,6.19E-06,0.000331698,0.000920187,0.00780436,0.0261083,0.00235238,0.00235238,0.16629,0.16629,0.1079735,0.1079735,0.0942524,0.0873947,0.00209796,0.03923885,0.03923885,0.03701955,0.03701955,0.0017947,0.00243627,0.00243627,0.0199892,0.0199892,0.000712255,0.000712255,0.0136325,0.0136325
0.65,6.39E-06,0.000341241,0.000939086,0.00790618,0.0263,0.00234958,0.00234958,0.165951,0.165951,0.107469,0.107469,0.0942534,0.0878807,0.00211215,0.0392141,0.0392141,0.03719645,0.03719645,0.00180532,0.002434495,0.002434495,0.0201635,0.0201635,0.000717045,0.000717045,0.0137325,0.0137325
0.655,6.59E-06,0.000350953,0.000958154,0.00800799,0.0264904,0.00234672,0.00234672,0.1656095,0.1656095,0.106972,0.106972,0.0942547,0.0883623,0.00212621,0.03918985,0.03918985,0.03737145,0.03737145,0.00181583,0.00243266,0.00243266,0.02033705,0.02033705,0.000721805,0.000721805,0.01383225,0.01383225
0.66,6.80E-06,0.000360836,0.000977389,0.00810979,0.0266797,0.002343805,0.002343805,0.165265,0.165265,0.106483,0.106483,0.0942562,0.0888397,0.00214016,0.0391661,0.0391661,0.0375446,0.0375446,0.00182623,0.00243077,0.00243077,0.0205099,0.0205099,0.000726525,0.000726525,0.01393165,0.01393165
0.665,7.01E-06,0.000370891,0.00099679,0.00821157,0.0268678,0.00234084,0.00234084,0.1649185,0.1649185,0.1060015,0.1060015,0.094258,0.0893129,0.00215398,0.0391428,0.0391428,0.03771595,0.03771595,0.00183653,0.00242883,0.00242883,0.0206821,0.0206821,0.00073121,0.00073121,0.01403075,0.01403075
0.67,7.22E-06,0.000381117,0.00101636,0.00831331,0.0270547,0.00233782,0.00233782,0.164569,0.164569,0.105527,0.105527,0.0942601,0.089782,0.00216768,0.03912005,0.03912005,0.0378855,0.0378855,0.00184671,0.002426835,0.002426835,0.02085355,0.02085355,0.000735865,0.000735865,0.01412955,0.01412955
0.675,7.44E-06,0.000391515,0.00103608,0.00841501,0.0272405,0.002334755,0.002334755,0.164218,0.164218,0.1050595,0.1050595,0.0942626,0.090247,0.00218127,0.03909775,0.03909775,0.03805325,0.03805325,0.00185678,0.00242479,0.00242479,0.0210243,0.0210243,0.000740485,0.000740485,0.01422805,0.01422805
0.68,7.66E-06,0.000402087,0.00105597,0.00851665,0.0274251,0.00233164,0.00233164,0.1638645,0.1638645,0.1045995,0.1045995,0.0942653,0.0907079,0.00219473,0.03907595,0.03907595,0.0382193,0.0382193,0.00186675,0.002422695,0.002422695,0.02119435,0.02119435,0.00074507,0.00074507,0.0143262,0.0143262
0.685,7.89E-06,0.000412832,0.00107602,0.00861823,0.0276085,0.002328485,0.002328485,0.163509,0.163509,0.104146,0.104146,0.0942685,0.0911648,0.00220808,0.03905465,0.03905465,0.03838355,0.03838355,0.00187661,0.002420555,0.002420555,0.0213637,0.0213637,0.00074962,0.00074962,0.0144241,0.0144241
0.69,8.12E-06,0.000423752,0.00109623,0.00871975,0.0277907,0.00232528,0.00232528,0.1631515,0.1631515,0.103699,0.103699,0.0942719,0.0916177,0.00222132,0.03903385,0.03903385,0.03854615,0.03854615,0.00188637,0.00241837,0.00241837,0.02153235,0.02153235,0.00075414,0.00075414,0.0145217,0.0145217
0.695,8.36E-06,0.000434847,0.00111659,0.00882118,0.0279719,0.002322035,0.002322035,0.162792,0.162792,0.103258,0.103258,0.0942758,0.0920667,0.00223444,0.03901355,0.03901355,0.03870705,0.03870705,0.00189603,0.002416145,0.002416145,0.02170025,0.02170025,0.000758625,0.000758625,0.014619,0.014619
0.7,8.60E-06,0.000446117,0.00113711,0.00892253,0.0281518,0.002318755,0.002318755,0.1624315,0.1624315,0.102824,0.102824,0.09428,0.0925118,0.00224744,0.03899375,0.03899375,0.0388663,0.0388663,0.00190558,0.002413875,0.002413875,0.0218675,0.0218675,0.000763075,0.000763075,0.014716,0.014716
0.705,8.84E-06,0.000457563,0.00115778,0.00902378,0.0283306,0.00231543,0.00231543,0.162069,0.162069,0.102396,0.102396,0.0942846,0.092953,0.00226034,0.0389744,0.0389744,0.03902395,0.03902395,0.00191503,0.002411565,0.002411565,0.022034,0.022034,0.0007675,0.0007675,0.01481275,0.01481275
0.71,9.09E-06,0.000469186,0.00117861,0.00912493,0.0285083,0.002312075,0.002312075,0.161705,0.161705,0.1019735,0.1019735,0.0942897,0.0933904,0.00227312,0.0389556,0.0389556,0.0391799,0.0391799,0.00192439,0.00240922,0.00240922,0.0221998,0.0221998,0.000771885,0.000771885,0.01490915,0.01490915
0.715,9.34E-06,0.000480985,0.00119958,0.00922597,0.0286849,0.00230868,0.00230868,0.1613395,0.1613395,0.1015575,0.1015575,0.0942951,0.093824,0.00228579,0.03893725,0.03893725,0.0393343,0.0393343,0.00193365,0.002406835,0.002406835,0.0223649,0.0223649,0.000776245,0.000776245,0.01500525,0.01500525
0.72,9.60E-06,0.000492962,0.0012207,0.00932689,0.0288603,0.00230525,0.00230525,0.160973,0.160973,0.101147,0.101147,0.0943009,0.0942538,0.00229835,0.03891935,0.03891935,0.03948715,0.03948715,0.00194281,0.002404415,0.002404415,0.02252925,0.02252925,0.00078057,0.00078057,0.0151011,0.0151011
0.725,9.86E-06,0.000505116,0.00124197,0.00942768,0.0290346,0.002301795,0.002301795,0.160605,0.160605,0.100742,0.100742,0.0943072,0.09468,0.0023108,0.038902,0.038902,0.03963845,0.03963845,0.00195187,0.002401965,0.002401965,0.02269295,0.02269295,0.000784865,0.000784865,0.0151966,0.0151966
0.73,1.01E-05,0.000517448,0.00126339,0.00952834,0.0292078,0.002298305,0.002298305,0.160236,0.160236,0.1003425,0.1003425,0.0943139,0.0951025,0.00232314,0.0388851,0.0388851,0.03978815,0.03978815,0.00196084,0.00239948,0.00239948,0.0228559,0.0228559,0.000789125,0.000789125,0.01529185,0.01529185
0.735,1.04E-05,0.000529959,0.00128495,0.00962886,0.0293799,0.002294785,0.002294785,0.159866,0.159866,0.099948,0.099948,0.094321,0.0955213,0.00233537,0.03886865,0.03886865,0.0399364,0.0399364,0.00196972,0.002396965,0.002396965,0.02301815,0.02301815,0.00079336,0.00079336,0.0153868,0.0153868
0.74,1.07E-05,0.000542649,0.00130665,0.00972923,0.0295508,0.002291235,0.002291235,0.159495,0.159495,0.099559,0.099559,0.0943285,0.0959366,0.0023475,0.03885275,0.03885275,0.04008315,0.04008315,0.0019785,0.00239442,0.00239442,0.02317965,0.02317965,0.000797565,0.000797565,0.01548145,0.01548145
0.745,1.10E-05,0.000555517,0.0013285,0.00982945,0.0297207,0.002287665,0.002287665,0.159123,0.159123,0.099175,0.099175,0.0943365,0.0963483,0.00235953,0.03883725,0.03883725,0.04022845,0.04022845,0.00198719,0.002391845,0.002391845,0.0233405,0.0233405,0.000801735,0.000801735,0.01557585,0.01557585
0.75,1.12E-05,0.000568565,0.00135048,0.00992951,0.0298895,0.002284065,0.002284065,0.1587505,0.1587505,0.0987965,0.0987965,0.0943449,0.0967565,0.00237145,0.03882225,0.03882225,0.04037225,0.04037225,0.0019958,0.002389245,0.002389245,0.02350065,0.02350065,0.00080588,0.00080588,0.0156699,0.0156699
0.755,1.15E-05,0.000581793,0.00137261,0.0100294,0.0300572,0.00228044,0.00228044,0.158377,0.158377,0.098422,0.098422,0.0943537,0.0971612,0.00238327,0.0388077,0.0388077,0.04051465,0.04051465,0.00200431,0.002386615,0.002386615,0.02366005,0.02366005,0.00080999,0.00080999,0.0157637,0.0157637
0.76,1.18E-05,0.0005952,0.00139486,0.0101291,0.0302238,0.002276795,0.002276795,0.158003,0.158003,0.098053,0.098053,0.094363,0.0975625,0.00239498,0.0387936,0.0387936,0.04065565,0.04065565,0.00201274,0.002383965,0.002383965,0.02381875,0.02381875,0.000814075,0.000814075,0.0158572,0.0158572
0.765,1.21E-05,0.000608788,0.00141726,0.0102287,0.0303894,0.00227313,0.00227313,0.1576285,0.1576285,0.097688,0.097688,0.0943727,0.0979603,0.0024066,0.03877995,0.03877995,0.04079525,0.04079525,0.00202108,0.00238129,0.00238129,0.02397675,0.02397675,0.00081813,0.00081813,0.01595045,0.01595045
0.77,1.24E-05,0.000622556,0.00143979,0.010328,0.0305539,0.00226944,0.00226944,0.1572535,0.1572535,0.097328,0.097328,0.0943828,0.0983548,0.00241811,0.03876675,0.03876675,0.04093345,0.04093345,0.00202934,0.00237859,0.00237859,0.02413405,0.02413405,0.000822155,0.000822155,0.01604335,0.01604335
0.775,1.27E-05,0.000636504,0.00146244,0.0104272,0.0307173,0.00226573,0.00226573,0.1568775,0.1568775,0.0969725,0.0969725,0.0943934,0.098746,0.00242953,0.038754,0.038754,0.0410703,0.0410703,0.00203751,0.00237587,0.00237587,0.02429065,0.02429065,0.000826155,0.000826155,0.016136,0.016136
0.78,1.30E-05,0.000650633,0.00148523,0.0105261,0.0308797,0.002262005,0.002262005,0.1565015,0.1565015,0.096621,0.096621,0.0944044,0.0991338,0.00244085,0.03874165,0.03874165,0.04120585,0.04120585,0.0020456,0.00237313,0.00237313,0.02444655,0.02444655,0.00083012,0.00083012,0.01622835,0.01622835
0.785,1.33E-05,0.000664943,0.00150815,0.0106249,0.031041,0.00225826,0.00225826,0.1561255,0.1561255,0.096274,0.096274,0.0944158,0.0995184,0.00245207,0.03872975,0.03872975,0.04134005,0.04134005,0.0020536,0.00237037,0.00237037,0.02460175,0.02460175,0.000834065,0.000834065,0.01632045,0.01632045
0.79,1.37E-05,0.000679433,0.0015312,0.0107235,0.0312013,0.0022545,0.0022545,0.1557485,0.1557485,0.095931,0.095931,0.0944276,0.0998997,0.00246319,0.0387183,0.0387183,0.04147295,0.04147295,0.00206153,0.00236759,0.00236759,0.02475625,0.02475625,0.00083798,0.00083798,0.01641225,0.01641225
0.795,1.40E-05,0.000694104,0.00155437,0.0108218,0.0313605,0.002250725,0.002250725,0.155372,0.155372,0.095592,0.095592,0.0944399,0.100278,0.00247422,0.0387073,0.0387073,0.0416046,0.0416046,0.00206937,0.002364795,0.002364795,0.0249101,0.0249101,0.000841865,0.000841865,0.01650375,0.01650375
0.8,1.43E-05,0.000708957,0.00157767,0.0109199,0.0315187,0.002246935,0.002246935,0.154995,0.154995,0.095257,0.095257,0.0944526,0.100653,0.00248515,0.03869665,0.03869665,0.04173495,0.04173495,0.00207714,0.00236198,0.00236198,0.0250632,0.0250632,0.000845725,0.000845725,0.01659495,0.01659495
0.805,1.47E-05,0.00072399,0.00160109,0.0110178,0.0316759,0.00224313,0.00224313,0.1546175,0.1546175,0.094926,0.094926,0.0944657,0.101025,0.002496,0.03868645,0.03868645,0.04186405,0.04186405,0.00208483,0.00235915,0.00235915,0.0252156,0.0252156,0.000849555,0.000849555,0.0166859,0.0166859
0.81,1.50E-05,0.000739205,0.00162463,0.0111155,0.0318321,0.00223931,0.00223931,0.1542405,0.1542405,0.094599,0.094599,0.0944792,0.101394,0.00250674,0.03867665,0.03867665,0.04199195,0.04199195,0.00209244,0.002356305,0.002356305,0.02536735,0.02536735,0.00085336,0.00085336,0.01677655,0.01677655
0.815,1.53E-05,0.0007546,0.00164829,0.0112129,0.0319872,0.002235485,0.002235485,0.1538635,0.1538635,0.0942755,0.0942755,0.0944932,0.101759,0.0025174,0.03866725,0.03866725,0.0421186,0.0421186,0.00209998,0.00235345,0.00235345,0.0255184,0.0255184,0.00085714,0.00085714,0.01686695,0.01686695
0.82,1.57E-05,0.000770177,0.00167207,0.0113101,0.0321414,0.002231645,0.002231645,0.153486,0.153486,0.0939555,0.0939555,0.0945075,0.102122,0.00252797,0.0386582,0.0386582,0.04224405,0.04224405,0.00210744,0.002350575,0.002350575,0.02566875,0.02566875,0.000860895,0.000860895,0.016957,0.016957
0.825,1.60E-05,0.000785935,0.00169597,0.0114071,0.0322946,0.002227795,0.002227795,0.153109,0.153109,0.093639,0.093639,0.0945222,0.102482,0.00253845,0.0386496,0.0386496,0.04236835,0.04236835,0.00211483,0.00234769,0.00234769,0.0258184,0.0258184,0.00086462,0.00086462,0.01704685,0.01704685
0.83,1.64E-05,0.000801874,0.00171999,0.0115038,0.0324467,0.002223935,0.002223935,0.152732,0.152732,0.0933265,0.0933265,0.0945374,0.102838,0.00254884,0.03864135,0.03864135,0.04249145,0.04249145,0.00212214,0.002344795,0.002344795,0.0259674,0.0259674,0.000868325,0.000868325,0.01713635,0.01713635
0.835,1.68E-05,0.000817993,0.00174411,0.0116003,0.0325979,0.002220065,0.002220065,0.1523555,0.1523555,0.093017,0.093017,0.0945529,0.103192,0.00255914,0.0386335,0.0386335,0.0426134,0.0426134,0.00212939,0.00234189,0.00234189,0.0261157,0.0261157,0.000872,0.000872,0.0172256,0.0172256
0.84,1.71E-05,0.000834294,0.00176835,0.0116965,0.0327481,0.002216185,0.002216185,0.151979,0.151979,0.092711,0.092711,0.0945688,0.103543,0.00256935,0.038626,0.038626,0.04273425,0.04273425,0.00213656,0.00233897,0.00233897,0.02626335,0.02626335,0.00087565,0.00087565,0.0173146,0.0173146
0.845,1.75E-05,0.000850775,0.00179271,0.0117925,0.0328973,0.002212305,0.002212305,0.1516025,0.1516025,0.0924085,0.0924085,0.0945851,0.103891,0.00257948,0.0386189,0.0386189,0.04285395,0.04285395,0.00214366,0.002336045,0.002336045,0.0264103,0.0264103,0.00087928,0.00087928,0.0174033,0.0174033
0.85,1.79E-05,0.000867437,0.00181717,0.0118882,0.0330456,0.002208415,0.002208415,0.1512265,0.1512265,0.092109,0.092109,0.0946017,0.104236,0.00258953,0.0386121,0.0386121,0.04297255,0.04297255,0.00215069,0.002333105,0.002333105,0.0265566,0.0265566,0.00088288,0.00088288,0.0174917,0.0174917
0.855,1.83E-05,0.000884279,0.00184174,0.0119836,0.0331928,0.002204515,0.002204515,0.150851,0.150851,0.0918125,0.0918125,0.0946187,0.104578,0.00259948,0.0386057,0.0386057,0.04309005,0.04309005,0.00215766,0.00233016,0.00233016,0.0267022,0.0267022,0.00088646,0.00088646,0.0175798,0.0175798
0.86,1.86E-05,0.000901302,0.00186642,0.0120788,0.0333392,0.002200615,0.002200615,0.150476,0.150476,0.091519,0.091519,0.0946361,0.104918,0.00260936,0.03859965,0.03859965,0.0432065,0.0432065,0.00216456,0.00232721,0.00232721,0.02684715,0.02684715,0.00089001,0.00089001,0.0176677,0.0176677
0.865,1.90E-05,0.000918504,0.0018912,0.0121737,0.0334846,0.00219671,0.00219671,0.150101,0.150101,0.091229,0.091229,0.0946538,0.105255,0.00261915,0.0385939,0.0385939,0.0433219,0.0433219,0.00217139,0.00232425,0.00232425,0.02699145,0.02699145,0.00089354,0.00089354,0.01775525,0.01775525
0.87,1.94E-05,0.000935887,0.00191609,0.0122683,0.033629,0.002192795,0.002192795,0.1497265,0.1497265,0.0909415,0.0909415,0.0946719,0.105589,0.00262887,0.0385885,0.0385885,0.0434362,0.0434362,0.00217815,0.002321285,0.002321285,0.02713505,0.02713505,0.000897045,0.000897045,0.01784255,0.01784255
0.875,1.98E-05,0.000953449,0.00194108,0.0123627,0.0337725,0.002188885,0.002188885,0.149353,0.149353,0.0906575,0.0906575,0.0946903,0.10592,0.0026385,0.03858345,0.03858345,0.0435495,0.0435495,0.00218485,0.002318315,0.002318315,0.027278,0.027278,0.00090053,0.00090053,0.01792955,0.01792955
0.88,2.02E-05,0.000971191,0.00196618,0.0124567,0.0339151,0.002184965,0.002184965,0.1489795,0.1489795,0.090376,0.090376,0.094709,0.106249,0.00264805,0.0385787,0.0385787,0.04366175,0.04366175,0.00219149,0.002315335,0.002315335,0.0274203,0.0274203,0.000903985,0.000903985,0.0180163,0.0180163
0.885,2.06E-05,0.000989112,0.00199137,0.0125505,0.0340567,0.002181045,0.002181045,0.1486065,0.1486065,0.090097,0.090097,0.0947281,0.106575,0.00265752,0.0385743,0.0385743,0.04377305,0.04377305,0.00219807,0.002312355,0.002312355,0.02756195,0.02756195,0.000907425,0.000907425,0.0181028,0.0181028
0.89,2.10E-05,0.00100721,0.00201667,0.012644,0.0341975,0.002177125,0.002177125,0.1482345,0.1482345,0.089821,0.089821,0.0947475,0.106898,0.00266692,0.0385702,0.0385702,0.0438833,0.0438833,0.00220458,0.00230937,0.00230937,0.02770295,0.02770295,0.000910835,0.000910835,0.01818895,0.01818895
0.895,2.15E-05,0.00102549,0.00204206,0.0127372,0.0343373,0.002173205,0.002173205,0.1478625,0.1478625,0.089548,0.089548,0.0947672,0.107219,0.00267623,0.0385664,0.0385664,0.0439926,0.0439926,0.00221103,0.00230638,0.00230638,0.0278433,0.0278433,0.000914225,0.000914225,0.0182749,0.0182749
0.9,2.19E-05,0.00104395,0.00206755,0.0128301,0.0344762,0.00216928,0.00216928,0.1474915,0.1474915,0.089277,0.089277,0.0947872,0.107537,0.00268547,0.0385629,0.0385629,0.04410095,0.04410095,0.00221742,0.002303385,0.002303385,0.027983,0.027983,0.000917595,0.000917595,0.0183605,0.0183605
0.905,2.23E-05,0.00106258,0.00209313,0.0129227,0.0346142,0.002165355,0.002165355,0.147121,0.147121,0.089009,0.089009,0.0948075,0.107853,0.00269464,0.0385597,0.0385597,0.0442083,0.0442083,0.00222375,0.00230039,0.00230039,0.02812205,0.02812205,0.00092094,0.00092094,0.0184459,0.0184459
0.91,2.27E-05,0.0010814,0.00211881,0.0130151,0.0347513,0.002161435,0.002161435,0.1467515,0.1467515,0.0887435,0.0887435,0.0948281,0.108166,0.00270372,0.0385568,0.0385568,0.04431475,0.04431475,0.00223002,0.00229739,0.00229739,0.02826045,0.02826045,0.000924265,0.000924265,0.01853095,0.01853095
0.915,2.32E-05,0.00110039,0.00214458,0.0131071,0.0348875,0.00215751,0.00215751,0.1463825,0.1463825,0.0884805,0.0884805,0.094849,0.108477,0.00271274,0.0385542,0.0385542,0.04442025,0.04442025,0.00223624,0.00229439,0.00229439,0.0283982,0.0283982,0.000927565,0.000927565,0.0186158,0.0186158
0.92,2.36E-05,0.00111956,0.00217044,0.0131988,0.0350229,0.00215359,0.00215359,0.1460145,0.1460145,0.08822,0.08822,0.0948702,0.108785,0.00272168,0.03855185,0.03855185,0.0445248,0.0445248,0.0022424,0.00229139,0.00229139,0.02853535,0.02853535,0.00093085,0.00093085,0.0187003,0.0187003
0.925,2.41E-05,0.0011389,0.00219639,0.0132902,0.0351573,0.00214967,0.00214967,0.145647,0.145647,0.087962,0.087962,0.0948916,0.109091,0.00273055,0.03854975,0.03854975,0.0446285,0.0446285,0.0022485,0.002288385,0.002288385,0.02867185,0.02867185,0.00093411,0.00093411,0.0187846,0.0187846
0.93,2.45E-05,0.00115842,0.00222243,0.0133813,0.0352909,0.00214575,0.00214575,0.14528,0.14528,0.087706,0.087706,0.0949133,0.109395,0.00273934,0.03854795,0.03854795,0.04473125,0.04473125,0.00225454,0.00228538,0.00228538,0.0288077,0.0288077,0.000937345,0.000937345,0.01886855,0.01886855
0.935,2.50E-05,0.00117812,0.00224855,0.0134721,0.0354237,0.002141835,0.002141835,0.144914,0.144914,0.0874525,0.0874525,0.0949353,0.109696,0.00274807,0.0385464,0.0385464,0.04483315,0.04483315,0.00226053,0.00228238,0.00228238,0.02894295,0.02894295,0.000940565,0.000940565,0.0189523,0.0189523
0.94,2.54E-05,0.00119799,0.00227477,0.0135626,0.0355555,0.00213792,0.00213792,0.144549,0.144549,0.0872015,0.0872015,0.0949575,0.109995,0.00275672,0.03854515,0.03854515,0.0449342,0.0449342,0.00226647,0.002279375,0.002279375,0.0290776,0.0290776,0.00094376,0.00094376,0.0190357,0.0190357
0.945,2.59E-05,0.00121804,0.00230107,0.0136528,0.0356865,0.00213401,0.00213401,0.144185,0.144185,0.0869525,0.0869525,0.0949799,0.110291,0.00276531,0.0385441,0.0385441,0.04503435,0.04503435,0.00227235,0.002276375,0.002276375,0.0292116,0.0292116,0.000946935,0.000946935,0.0191189,0.0191189
0.95,2.64E-05,0.00123826,0.00232745,0.0137427,0.0358167,0.002130105,0.002130105,0.1438215,0.1438215,0.0867055,0.0867055,0.0950026,0.110585,0.00277383,0.0385433,0.0385433,0.0451337,0.0451337,0.00227818,0.00227337,0.00227337,0.02934495,0.02934495,0.000950095,0.000950095,0.0192018,0.0192018
0.955,2.68E-05,0.00125866,0.00235392,0.0138322,0.035946,0.0021262,0.0021262,0.143459,0.143459,0.086461,0.086461,0.0950255,0.110877,0.00278227,0.0385428,0.0385428,0.04523215,0.04523215,0.00228395,0.00227037,0.00227037,0.02947775,0.02947775,0.00095323,0.00095323,0.0192844,0.0192844
0.96,2.73E-05,0.00127923,0.00238046,0.0139214,0.0360745,0.002122305,0.002122305,0.1430975,0.1430975,0.0862185,0.0862185,0.0950486,0.111167,0.00279065,0.03854245,0.03854245,0.0453298,0.0453298,0.00228968,0.002267375,0.002267375,0.0296099,0.0296099,0.000956345,0.000956345,0.01936675,0.01936675
0.965,2.78E-05,0.00129998,0.00240709,0.0140103,0.0362022,0.00211841,0.00211841,0.142737,0.142737,0.085978,0.085978,0.095072,0.111454,0.00279896,0.0385424,0.0385424,0.04542665,0.04542665,0.00229535,0.002264375,0.002264375,0.0297414,0.0297414,0.00095944,0.00095944,0.0194488,0.0194488
0.97,2.83E-05,0.0013209,0.0024338,0.0140989,0.036329,0.00211452,0.00211452,0.142377,0.142377,0.0857395,0.0857395,0.0950955,0.111739,0.00280721,0.03854255,0.03854255,0.0455227,0.0455227,0.00230097,0.00226138,0.00226138,0.02987235,0.02987235,0.000962515,0.000962515,0.01953065,0.01953065
0.975,2.88E-05,0.00134199,0.00246058,0.0141872,0.036455,0.002110635,0.002110635,0.142018,0.142018,0.085503,0.085503,0.0951192,0.112022,0.00281539,0.0385429,0.0385429,0.04561795,0.04561795,0.00230655,0.00225839,0.00225839,0.0300027,0.0300027,0.000965575,0.000965575,0.01961215,0.01961215
0.98,2.93E-05,0.00136325,0.00248744,0.0142751,0.0365802,0.002106755,0.002106755,0.1416605,0.1416605,0.085269,0.085269,0.0951432,0.112302,0.00282351,0.0385435,0.0385435,0.0457124,0.0457124,0.00231207,0.0022554,0.0022554,0.0301324,0.0301324,0.00096861,0.00096861,0.0196934,0.0196934
0.985,2.98E-05,0.00138468,0.00251438,0.0143628,0.0367046,0.002102885,0.002102885,0.1413035,0.1413035,0.0850365,0.0850365,0.0951673,0.112581,0.00283156,0.0385443,0.0385443,0.04580605,0.04580605,0.00231755,0.002252415,0.002252415,0.03026155,0.03026155,0.00097163,0.00097163,0.0197744,0.0197744
0.99,3.03E-05,0.00140629,0.00254139,0.0144501,0.0368282,0.002099015,0.002099015,0.1409475,0.1409475,0.084806,0.084806,0.0951916,0.112858,0.00283955,0.0385453,0.0385453,0.04589895,0.04589895,0.00232298,0.002249435,0.002249435,0.0303901,0.0303901,0.00097463,0.00097463,0.0198551,0.0198551
0.995,3.08E-05,0.00142806,0.00256848,0.014537,0.036951,0.002095155,0.002095155,0.140593,0.140593,0.084577,0.084577,0.0952161,0.113132,0.00284747,0.0385465,0.0385465,0.0459911,0.0459911,0.00232836,0.002246455,0.002246455,0.030518,0.030518,0.000977615,0.000977615,0.01993555,0.01993555
1,3.13E-05,0.00145001,0.00259563,0.0146237,0.0370729,0.002091305,0.002091305,0.140239,0.140239,0.0843505,0.0843505,0.0952407,0.113404,0.00285534,0.03854795,0.03854795,0.0460825,0.0460825,0.0023337,0.00224348,0.00224348,0.03064535,0.03064535,0.000980575,0.000980575,0.02001575,0.02001575
