Time,AI,AF,AD,AL,AA,BD,BC,AM,AN,AY,AZ,AC,AK,AH,AT,AS,AR,AQ,AG,BB,BA,AO,AP,AV,AU,AX,AW,,,
0,0,0,0,0,0,0,0,0,0,0,0,0,0,0,0,0,0.5,0.5,0,0,0,0,0,0,0,0,0,,,
0.004,-5.36E-26,-1.07E-21,-2.17E-19,9.43E-17,2.09E-13,9.01E-12,9.01E-12,2.21E-08,2.21E-08,5.93E-06,5.93E-06,1.31E-08,3.62E-11,1.08E-14,3.59E-03,3.59E-03,4.95E-01,4.95E-01,0.00160844,1.39096E-08,1.39096E-08,2.54883E-05,2.54883E-05,0.00077922,0.00077922,6.0038E-06,6.0038E-06,,,
0.008,7.06E-25,2.57E-20,1.40E-17,1.68E-14,7.17E-12,1.40E-10,1.40E-10,1.76E-07,1.76E-07,2.34E-05,2.34E-05,1.03E-07,5.70E-10,3.72E-13,7.08E-03,7.08E-03,4.90E-01,4.90E-01,0.00310046,1.04095E-07,1.04095E-07,0.000097212,0.000097212,0.00145674,0.00145674,2.39126E-05,2.39126E-05,,,
0.012,4.99E-22,1.05E-18,2.69E-16,1.94E-13,5.33E-11,6.87E-10,6.87E-10,5.89E-07,5.89E-07,5.18E-05,5.18E-05,3.43E-07,2.85E-09,2.78E-12,1.05E-02,1.05E-02,4.85E-01,4.85E-01,0.00448388,3.28873E-07,3.28873E-07,0.000208744,0.000208744,0.00204514,0.00204514,5.35455E-05,5.35455E-05,,,
0.016,7.66E-21,1.10E-17,2.02E-15,1.07E-12,2.19E-10,2.11E-09,2.11E-09,1.39E-06,1.39E-06,9.07E-05,9.07E-05,8.01E-07,8.87E-09,1.15E-11,1.38E-02,1.38E-02,4.80E-01,4.80E-01,0.00576599,7.3034E-07,7.3034E-07,0.000354479,0.000354479,0.00255548,0.00255548,9.46905E-05,9.46905E-05,,,
0.02,5.82E-20,6.51E-17,9.45E-15,3.99E-12,6.52E-10,5.00E-09,5.00E-09,2.69E-06,2.69E-06,1.40E-04,1.40E-04,1.54E-06,2.14E-08,3.42E-11,1.70E-02,1.70E-02,4.76E-01,4.76E-01,0.0069536,1.33753E-06,1.33753E-06,0.00052953,0.00052953,0.00299745,0.00299745,0.000147111,0.000147111,,,
0.024,2.97E-19,2.76E-16,3.32E-14,1.16E-11,1.58E-09,1.01E-08,1.01E-08,4.62E-06,4.62E-06,1.98E-04,1.98E-04,2.62E-06,4.37E-08,8.33E-11,2.01E-02,2.01E-02,4.71E-01,4.71E-01,0.00805307,2.16902E-06,2.16902E-06,0.00072964,0.00072964,0.00337955,0.00337955,0.00021055,0.00021055,,,
0.028,1.17E-18,9.29E-16,9.55E-14,2.86E-11,3.33E-09,1.81E-08,1.81E-08,7.28E-06,7.28E-06,2.66E-04,2.66E-04,4.11E-06,7.99E-08,1.76E-10,2.32E-02,2.32E-02,4.67E-01,4.67E-01,0.00907032,3.23512E-06,3.23512E-06,0.00095111,0.00095111,0.00370925,0.00370925,0.000284733,0.000284733,,,
0.032,3.79E-18,2.65E-15,2.38E-13,6.23E-11,6.33E-09,3.00E-08,3.00E-08,1.08E-05,1.08E-05,3.42E-04,3.42E-04,6.04E-06,1.34E-07,3.36E-10,2.61E-02,2.61E-02,4.63E-01,4.63E-01,0.0100109,4.53964E-06,4.53964E-06,0.00119071,0.00119071,0.00399309,0.00399309,0.000369374,0.000369374,,,
0.036,1.07E-17,6.66E-15,5.30E-13,1.23E-10,1.11E-08,4.67E-08,4.67E-08,1.52E-05,1.52E-05,4.26E-04,4.26E-04,8.48E-06,2.12E-07,5.93E-10,2.90E-02,2.90E-02,4.59E-01,4.59E-01,0.0108799,6.0814E-06,6.0814E-06,0.001445645,0.001445645,0.00423681,0.00423681,0.000464176,0.000464176,,,
0.04,2.69E-17,1.52E-14,1.08E-12,2.27E-10,1.84E-08,6.92E-08,6.92E-08,2.07E-05,2.07E-05,5.19E-04,5.19E-04,1.15E-05,3.19E-07,9.83E-10,3.18E-02,3.18E-02,4.55E-01,4.55E-01,0.0116823,7.85545E-06,7.85545E-06,0.00171348,0.00171348,0.004445445,0.004445445,0.00056884,0.00056884,,,
0.044,6.19E-17,3.18E-14,2.06E-12,3.92E-10,2.88E-08,9.83E-08,9.83E-08,2.72E-05,2.72E-05,6.19E-04,6.19E-04,1.50E-05,4.61E-07,1.55E-09,3.45E-02,3.45E-02,4.51E-01,4.51E-01,0.0124224,0.000009854,0.000009854,0.001992105,0.001992105,0.00462341,0.00462341,0.00068305,0.00068305,,,
0.048,1.32E-16,6.25E-14,3.71E-12,6.45E-10,4.34E-08,1.35E-07,1.35E-07,3.50E-05,3.50E-05,7.26E-04,7.26E-04,1.92E-05,6.45E-07,2.34E-09,3.72E-02,3.72E-02,4.48E-01,4.48E-01,0.0131046,1.20673E-05,1.20673E-05,0.0022797,0.0022797,0.00477457,0.00477457,0.000806505,0.000806505,,,
0.052,2.65E-16,1.16E-13,6.35E-12,1.02E-09,6.31E-08,1.81E-07,1.81E-07,4.41E-05,4.41E-05,8.39E-04,8.39E-04,2.41E-05,8.76E-07,3.42E-09,3.97E-02,3.97E-02,4.44E-01,4.44E-01,0.0137327,1.44841E-05,1.44841E-05,0.00257468,0.00257468,0.00490233,0.00490233,0.00093889,0.00093889,,,
0.056,5.03E-16,2.06E-13,1.04E-11,1.55E-09,8.91E-08,2.36E-07,2.36E-07,5.45E-05,5.45E-05,9.60E-04,9.60E-04,2.97E-05,1.16E-06,4.85E-09,4.22E-02,4.22E-02,4.41E-01,4.41E-01,0.0143104,1.70925E-05,1.70925E-05,0.00287568,0.00287568,0.00500965,0.00500965,0.001079895,0.001079895,,,
0.06,9.13E-16,3.50E-13,1.65E-11,2.29E-09,1.23E-07,3.03E-07,3.03E-07,6.63E-05,6.63E-05,1.09E-03,1.09E-03,3.60E-05,1.51E-06,6.71E-09,4.47E-02,4.47E-02,4.37E-01,4.37E-01,0.0148411,1.98801E-05,1.98801E-05,0.003181525,0.003181525,0.00509915,0.00509915,0.00122921,0.00122921,,,
0.064,1.59E-15,5.74E-13,2.54E-11,3.29E-09,1.65E-07,3.81E-07,3.81E-07,7.96E-05,7.96E-05,1.22E-03,1.22E-03,4.30E-05,1.93E-06,9.07E-09,4.70E-02,4.70E-02,4.34E-01,4.34E-01,0.015328,2.28343E-05,2.28343E-05,0.0034912,0.0034912,0.00517315,0.00517315,0.001386525,0.001386525,,,
0.068,2.68E-15,9.12E-13,3.79E-11,4.62E-09,2.18E-07,4.72E-07,4.72E-07,9.45E-05,9.45E-05,1.36E-03,1.36E-03,5.09E-05,2.43E-06,1.20E-08,4.94E-02,4.94E-02,4.31E-01,4.31E-01,0.0157741,2.59428E-05,2.59428E-05,0.003803835,0.003803835,0.00523355,0.00523355,0.001551545,0.001551545,,,
0.072,4.37E-15,1.41E-12,5.53E-11,6.36E-09,2.83E-07,5.76E-07,5.76E-07,1.11E-04,1.11E-04,1.50E-03,1.50E-03,5.96E-05,3.02E-06,1.57E-08,5.16E-02,5.16E-02,4.28E-01,4.28E-01,0.0161822,2.91934E-05,2.91934E-05,0.00411869,0.00411869,0.0052822,0.0052822,0.001723965,0.001723965,,,
0.076,6.93E-15,2.13E-12,7.90E-11,8.59E-09,3.61E-07,6.95E-07,6.95E-07,1.29E-04,1.29E-04,1.65E-03,1.65E-03,6.91E-05,3.69E-06,2.01E-08,5.38E-02,5.38E-02,4.24E-01,4.24E-01,0.0165549,3.25745E-05,3.25745E-05,0.004435125,0.004435125,0.00532065,0.00532065,0.001903495,0.001903495,,,
0.08,1.07E-14,3.14E-12,1.11E-10,1.14E-08,4.55E-07,8.29E-07,8.29E-07,1.49E-04,1.49E-04,1.80E-03,1.80E-03,7.94E-05,4.48E-06,2.55E-08,5.59E-02,5.59E-02,4.21E-01,4.21E-01,0.0168946,3.60751E-05,3.60751E-05,0.004752605,0.004752605,0.00535015,0.00535015,0.002089845,0.002089845,,,
0.084,1.62E-14,4.55E-12,1.52E-10,1.49E-08,5.67E-07,9.80E-07,9.80E-07,1.70E-04,1.70E-04,1.95E-03,1.95E-03,9.06E-05,5.37E-06,3.18E-08,5.80E-02,5.80E-02,4.18E-01,4.18E-01,0.0172035,3.96847E-05,3.96847E-05,0.00507065,0.00507065,0.00537195,0.00537195,0.002282735,0.002282735,,,
0.088,2.41E-14,6.46E-12,2.06E-10,1.93E-08,6.97E-07,1.15E-06,1.15E-06,1.93E-04,1.93E-04,2.12E-03,2.12E-03,0.000102768,6.39E-06,3.94E-08,6.00E-02,6.00E-02,4.16E-01,4.16E-01,0.0174839,4.33935E-05,4.33935E-05,0.0053889,0.0053889,0.00538705,0.00538705,0.00248188,0.00248188,,,
0.092,3.50E-14,9.03E-12,2.75E-10,2.46E-08,8.49E-07,1.33E-06,1.33E-06,2.18E-04,2.18E-04,2.28E-03,2.28E-03,0.000115791,7.53E-06,4.82E-08,6.20E-02,6.20E-02,4.13E-01,4.13E-01,0.0177376,4.71924E-05,4.71924E-05,0.005707,0.005707,0.0053964,0.0053964,0.00268702,0.00268702,,,
0.096,5.01E-14,1.24E-11,3.62E-10,3.10E-08,1.03E-06,1.54E-06,1.54E-06,2.45E-04,2.45E-04,2.45E-03,2.45E-03,0.000129732,8.81E-06,5.84E-08,6.39E-02,6.39E-02,4.10E-01,4.10E-01,0.0179666,0.000051073,0.000051073,0.00602475,0.00602475,0.0054007,0.0054007,0.002897885,0.002897885,,,
0.1,7.05E-14,1.69E-11,4.71E-10,3.87E-08,1.23E-06,1.76E-06,1.76E-06,2.74E-04,2.74E-04,2.62E-03,2.62E-03,0.000144602,1.02E-05,7.01E-08,6.57E-02,6.57E-02,4.07E-01,4.07E-01,0.0181725,0.000055027,0.000055027,0.0063418,0.0063418,0.00540075,0.00540075,0.003114215,0.003114215,,,
0.104,9.79E-14,2.26E-11,6.06E-10,4.78E-08,1.46E-06,2.00E-06,2.00E-06,3.04E-04,3.04E-04,2.80E-03,2.80E-03,0.00016041,1.18E-05,8.36E-08,6.75E-02,6.75E-02,4.05E-01,4.05E-01,0.018357,5.90485E-05,5.90485E-05,0.00665805,0.00665805,0.0053971,0.0053971,0.003335765,0.003335765,,,
0.108,1.34E-13,2.99E-11,7.72E-10,5.86E-08,1.72E-06,2.26E-06,2.26E-06,3.37E-04,3.37E-04,2.97E-03,2.97E-03,0.000177165,1.36E-05,9.90E-08,6.93E-02,6.93E-02,4.02E-01,4.02E-01,0.0185215,6.31295E-05,6.31295E-05,0.00697335,0.00697335,0.00539025,0.00539025,0.00356229,0.00356229,,,
0.112,1.82E-13,3.92E-11,9.74E-10,7.12E-08,2.01E-06,2.55E-06,2.55E-06,3.71E-04,3.71E-04,3.15E-03,3.15E-03,0.000194874,1.55E-05,1.16E-07,7.10E-02,7.10E-02,4.00E-01,4.00E-01,0.0186675,0.000067265,0.000067265,0.0072876,0.0072876,0.0053807,0.0053807,0.003793545,0.003793545,,,
0.116,2.43E-13,5.09E-11,1.22E-09,8.59E-08,2.34E-06,2.85E-06,2.85E-06,4.07E-04,4.07E-04,3.34E-03,3.34E-03,0.000213542,1.76E-05,1.36E-07,7.26E-02,7.26E-02,3.97E-01,3.97E-01,0.0187963,0.00007145,0.00007145,0.0076006,0.0076006,0.00536885,0.00536885,0.00402931,0.00402931,,,
0.12,3.22E-13,6.54E-11,1.51E-09,1.03E-07,2.70E-06,3.18E-06,3.18E-06,4.46E-04,4.46E-04,3.52E-03,3.52E-03,0.000233174,1.99E-05,1.58E-07,7.42E-02,7.42E-02,3.95E-01,3.95E-01,0.0189091,0.000075679,0.000075679,0.0079124,0.0079124,0.00535505,0.00535505,0.004269355,0.004269355,,,
0.124,4.21E-13,8.33E-11,1.86E-09,1.22E-07,3.11E-06,3.53E-06,3.53E-06,4.86E-04,4.86E-04,3.71E-03,3.71E-03,0.000253773,2.24E-05,1.82E-07,7.58E-02,7.58E-02,3.92E-01,3.92E-01,0.0190071,7.99475E-05,7.99475E-05,0.00822285,0.00822285,0.0053396,0.0053396,0.004513465,0.004513465,,,
0.128,5.47E-13,1.05E-10,2.27E-09,1.45E-07,3.55E-06,3.90E-06,3.90E-06,5.28E-04,5.28E-04,3.90E-03,3.90E-03,0.000275342,2.51E-05,2.09E-07,7.73E-02,7.73E-02,3.90E-01,3.90E-01,0.0190913,8.42525E-05,8.42525E-05,0.008532,0.008532,0.00532275,0.00532275,0.004761425,0.004761425,,,
0.132,7.04E-13,1.32E-10,2.76E-09,1.70E-07,4.05E-06,4.30E-06,4.30E-06,5.72E-04,5.72E-04,4.09E-03,4.09E-03,0.000297881,2.81E-05,2.39E-07,7.88E-02,7.88E-02,3.88E-01,3.88E-01,0.0191627,0.00008859,0.00008859,0.00883975,0.00883975,0.00530475,0.00530475,0.00501305,0.00501305,,,
0.136,8.99E-13,1.64E-10,3.32E-09,1.99E-07,4.59E-06,4.72E-06,4.72E-06,6.18E-04,6.18E-04,4.29E-03,4.29E-03,0.000321391,3.12E-05,2.72E-07,8.03E-02,8.03E-02,3.85E-01,3.85E-01,0.0192222,9.29575E-05,9.29575E-05,0.00914615,0.00914615,0.00528585,0.00528585,0.0052681,0.0052681,,,
0.14,1.14E-12,2.03E-10,3.98E-09,2.31E-07,5.18E-06,5.16E-06,5.16E-06,6.66E-04,6.66E-04,4.48E-03,4.48E-03,0.000345871,3.46E-05,3.09E-07,8.17E-02,8.17E-02,3.83E-01,3.83E-01,0.0192708,0.000097352,0.000097352,0.00945115,0.00945115,0.0052661,0.0052661,0.0055264,0.0055264,,,
0.144,1.43E-12,2.49E-10,4.75E-09,2.68E-07,5.82E-06,5.63E-06,5.63E-06,7.16E-04,7.16E-04,4.68E-03,4.68E-03,0.000371319,3.83E-05,3.48E-07,8.30E-02,8.30E-02,3.81E-01,3.81E-01,0.0193092,0.000101771,0.000101771,0.0097548,0.0097548,0.0052458,0.0052458,0.0057878,0.0057878,,,
0.148,1.79E-12,3.03E-10,5.63E-09,3.09E-07,6.53E-06,6.12E-06,6.12E-06,7.67E-04,7.67E-04,4.88E-03,4.88E-03,0.000397733,4.22E-05,3.92E-07,8.44E-02,8.44E-02,3.79E-01,3.79E-01,0.0193382,0.000106213,0.000106213,0.0100571,0.0100571,0.00522495,0.00522495,0.00605205,0.00605205,,,
0.152,2.22E-12,3.68E-10,6.64E-09,3.54E-07,7.28E-06,6.63E-06,6.63E-06,8.21E-04,8.21E-04,5.08E-03,5.08E-03,0.000425109,4.63E-05,4.39E-07,8.57E-02,8.57E-02,3.77E-01,3.77E-01,0.0193584,0.000110675,0.000110675,0.01035805,0.01035805,0.0052038,0.0052038,0.00631905,0.00631905,,,
0.156,2.74E-12,4.44E-10,7.79E-09,4.05E-07,8.10E-06,7.17E-06,7.17E-06,8.77E-04,8.77E-04,5.28E-03,5.28E-03,0.000453444,5.08E-05,4.90E-07,8.69E-02,8.69E-02,3.74E-01,3.74E-01,0.0193706,0.000115157,0.000115157,0.01065765,0.01065765,0.0051823,0.0051823,0.0065886,0.0065886,,,
0.16,3.36E-12,5.33E-10,9.11E-09,4.61E-07,8.99E-06,7.73E-06,7.73E-06,9.35E-04,9.35E-04,5.48E-03,5.48E-03,0.000482732,5.55E-05,5.46E-07,8.81E-02,8.81E-02,3.72E-01,3.72E-01,0.0193754,0.000119657,0.000119657,0.010956,0.010956,0.00516065,0.00516065,0.0068605,0.0068605,,,
0.164,4.09E-12,6.36E-10,1.06E-08,5.23E-07,9.94E-06,8.32E-06,8.32E-06,9.94E-04,9.94E-04,5.69E-03,5.69E-03,0.000512968,6.05E-05,6.06E-07,8.93E-02,8.93E-02,3.70E-01,3.70E-01,0.0193732,0.000124173,0.000124173,0.0112531,0.0112531,0.0051389,0.0051389,0.00713465,0.00713465,,,
0.168,4.96E-12,7.56E-10,1.23E-08,5.91E-07,1.10E-05,8.94E-06,8.94E-06,1.06E-03,1.06E-03,5.89E-03,5.89E-03,0.000544147,6.58E-05,6.70E-07,9.05E-02,9.05E-02,3.68E-01,3.68E-01,0.0193648,0.000128706,0.000128706,0.01154895,0.01154895,0.0051171,0.0051171,0.0074109,0.0074109,,,
0.172,5.99E-12,8.94E-10,1.42E-08,6.66E-07,1.20E-05,9.57E-06,9.57E-06,1.12E-03,1.12E-03,6.09E-03,6.09E-03,0.000576262,7.14E-05,7.40E-07,9.16E-02,9.16E-02,3.66E-01,3.66E-01,0.0193505,0.000133253,0.000133253,0.0118436,0.0118436,0.00509525,0.00509525,0.00768905,0.00768905,,,
0.176,7.19E-12,1.05E-09,1.63E-08,7.48E-07,1.32E-05,1.02E-05,1.02E-05,1.18E-03,1.18E-03,6.30E-03,6.30E-03,0.000609305,7.73E-05,8.14E-07,9.27E-02,9.27E-02,3.65E-01,3.65E-01,0.0193308,0.000137816,0.000137816,0.0121371,0.0121371,0.0050735,0.0050735,0.007969,0.007969,,,
0.18,8.59E-12,1.24E-09,1.87E-08,8.37E-07,1.45E-05,1.09E-05,1.09E-05,1.25E-03,1.25E-03,6.50E-03,6.50E-03,0.000643269,8.35E-05,8.93E-07,9.37E-02,9.37E-02,3.63E-01,3.63E-01,0.0193062,0.000142392,0.000142392,0.0124295,0.0124295,0.00505185,0.00505185,0.0082506,0.0082506,,,
0.184,1.02E-11,1.45E-09,2.13E-08,9.35E-07,1.58E-05,1.16E-05,1.16E-05,1.32E-03,1.32E-03,6.71E-03,6.71E-03,0.000678146,9.01E-05,9.78E-07,9.47E-02,9.47E-02,3.61E-01,3.61E-01,0.019277,0.000146981,0.000146981,0.01272085,0.01272085,0.0050303,0.0050303,0.0085337,0.0085337,,,
0.188,1.21E-11,1.68E-09,2.43E-08,1.04E-06,1.72E-05,1.24E-05,1.24E-05,1.39E-03,1.39E-03,6.92E-03,6.92E-03,0.000713928,9.70E-05,1.07E-06,9.57E-02,9.57E-02,3.59E-01,3.59E-01,0.0192437,0.000151584,0.000151584,0.0130111,0.0130111,0.0050089,0.0050089,0.00881815,0.00881815,,,
0.192,1.43E-11,1.95E-09,2.76E-08,1.16E-06,1.87E-05,1.31E-05,1.31E-05,1.46E-03,1.46E-03,7.12E-03,7.12E-03,0.000750605,0.000104242,1.17E-06,9.67E-02,9.67E-02,3.57E-01,3.57E-01,0.0192065,0.000156199,0.000156199,0.01330035,0.01330035,0.00498767,0.00498767,0.00910395,0.00910395,,,
0.196,1.68E-11,2.26E-09,3.12E-08,1.28E-06,2.02E-05,1.39E-05,1.39E-05,1.54E-03,1.54E-03,7.33E-03,7.33E-03,0.000788169,0.00011183,1.27E-06,9.76E-02,9.76E-02,3.55E-01,3.55E-01,0.0191659,0.000160827,0.000160827,0.01358865,0.01358865,0.004966645,0.004966645,0.00939085,0.00939085,,,
0.2,1.97E-11,2.60E-09,3.52E-08,1.41E-06,2.19E-05,1.47E-05,1.47E-05,1.62E-03,1.62E-03,7.53E-03,7.53E-03,0.000826609,0.000119774,1.38E-06,9.85E-02,9.85E-02,3.54E-01,3.54E-01,0.019122,0.000165468,0.000165468,0.013876,0.013876,0.004945835,0.004945835,0.00967875,0.00967875,,,
0.204,2.30E-11,2.99E-09,3.96E-08,1.56E-06,2.37E-05,1.56E-05,1.56E-05,1.69E-03,1.69E-03,7.74E-03,7.74E-03,0.000865916,0.000128081,1.49E-06,9.94E-02,9.94E-02,3.52E-01,3.52E-01,0.0190753,0.000170121,0.000170121,0.01416245,0.01416245,0.00492525,0.00492525,0.00996765,0.00996765,,,
0.208,2.68E-11,3.43E-09,4.44E-08,1.71E-06,2.55E-05,1.64E-05,1.64E-05,1.77E-03,1.77E-03,7.95E-03,7.95E-03,0.00090608,0.000136758,1.61E-06,1.00E-01,1.00E-01,3.50E-01,3.50E-01,0.0190259,0.000174786,0.000174786,0.01444805,0.01444805,0.004904905,0.004904905,0.0102573,0.0102573,,,
0.212,3.10E-11,3.91E-09,4.97E-08,1.88E-06,2.75E-05,1.73E-05,1.73E-05,1.86E-03,1.86E-03,8.15E-03,8.15E-03,0.00094709,0.00014581,1.74E-06,1.01E-01,1.01E-01,3.48E-01,3.48E-01,0.0189741,0.000179464,0.000179464,0.0147328,0.0147328,0.004884805,0.004884805,0.0105477,0.0105477,,,
0.216,3.59E-11,4.46E-09,5.55E-08,2.06E-06,2.95E-05,1.82E-05,1.82E-05,1.94E-03,1.94E-03,8.36E-03,8.36E-03,0.000988935,0.000155244,1.88E-06,1.02E-01,1.02E-01,3.47E-01,3.47E-01,0.0189202,0.000184154,0.000184154,0.0150168,0.0150168,0.004864955,0.004864955,0.01083865,0.01083865,,,
0.22,4.13E-11,5.06E-09,6.18E-08,2.25E-06,3.17E-05,1.92E-05,1.92E-05,2.03E-03,2.03E-03,8.56E-03,8.56E-03,0.0010316,0.000165067,2.02E-06,1.03E-01,1.03E-01,3.45E-01,3.45E-01,0.0188642,0.000188856,0.000188856,0.0153,0.0153,0.004845365,0.004845365,0.0111302,0.0111302,,,
0.224,4.75E-11,5.74E-09,6.87E-08,2.46E-06,3.39E-05,2.01E-05,2.01E-05,2.11E-03,2.11E-03,8.77E-03,8.77E-03,0.00107509,0.000175284,2.17E-06,1.03E-01,1.03E-01,3.44E-01,3.44E-01,0.0188065,0.00019357,0.00019357,0.01558245,0.01558245,0.004826035,0.004826035,0.0114221,0.0114221,,,
0.228,5.44E-11,6.48E-09,7.62E-08,2.68E-06,3.63E-05,2.11E-05,2.11E-05,2.20E-03,2.20E-03,8.97E-03,8.97E-03,0.00111937,0.000185901,2.33E-06,1.04E-01,1.04E-01,3.42E-01,3.42E-01,0.0187473,0.000198297,0.000198297,0.0158642,0.0158642,0.00480697,0.00480697,0.0117144,0.0117144,,,
0.232,6.22E-11,7.31E-09,8.44E-08,2.91E-06,3.87E-05,2.21E-05,2.21E-05,2.29E-03,2.29E-03,9.18E-03,9.18E-03,0.00116445,0.000196924,2.49E-06,1.05E-01,1.05E-01,3.40E-01,3.40E-01,0.0186866,0.000203036,0.000203036,0.0161453,0.0161453,0.00478817,0.00478817,0.0120069,0.0120069,,,
0.236,7.09E-11,8.22E-09,9.32E-08,3.16E-06,4.13E-05,2.32E-05,2.32E-05,2.38E-03,2.38E-03,9.38E-03,9.38E-03,0.0012103,0.000208359,2.66E-06,1.06E-01,1.06E-01,3.39E-01,3.39E-01,0.0186246,0.000207788,0.000207788,0.0164257,0.0164257,0.00476964,0.00476964,0.0122996,0.0122996,,,
0.24,8.06E-11,9.23E-09,1.03E-07,3.42E-06,4.40E-05,2.42E-05,2.42E-05,2.48E-03,2.48E-03,9.58E-03,9.58E-03,0.00125692,0.00022021,2.85E-06,1.06E-01,1.06E-01,3.37E-01,3.37E-01,0.0185615,0.000212553,0.000212553,0.0167055,0.0167055,0.00475137,0.00475137,0.0125924,0.0125924,,,
0.244,9.14E-11,1.03E-08,1.13E-07,3.70E-06,4.68E-05,2.53E-05,2.53E-05,2.57E-03,2.57E-03,9.79E-03,9.79E-03,0.0013043,0.000232482,3.03E-06,1.07E-01,1.07E-01,3.36E-01,3.36E-01,0.0184975,0.00021733,0.00021733,0.0169847,0.0169847,0.004733365,0.004733365,0.0128852,0.0128852,,,
0.248,1.03E-10,1.15E-08,1.24E-07,4.00E-06,4.97E-05,2.64E-05,2.64E-05,2.67E-03,2.67E-03,9.99E-03,9.99E-03,0.00135241,0.000245182,3.23E-06,1.08E-01,1.08E-01,3.34E-01,3.34E-01,0.0184326,0.000222119,0.000222119,0.01726335,0.01726335,0.004715625,0.004715625,0.01317795,0.01317795,,,
0.252,1.17E-10,1.29E-08,1.36E-07,4.31E-06,5.28E-05,2.75E-05,2.75E-05,2.77E-03,2.77E-03,1.02E-02,1.02E-02,0.00140126,0.000258313,3.44E-06,1.08E-01,1.08E-01,3.33E-01,3.33E-01,0.0183669,0.000226922,0.000226922,0.0175414,0.0175414,0.004698145,0.004698145,0.0134706,0.0134706,,,
0.256,1.31E-10,1.43E-08,1.49E-07,4.65E-06,5.59E-05,2.87E-05,2.87E-05,2.87E-03,2.87E-03,1.04E-02,1.04E-02,0.00145083,0.00027188,3.65E-06,1.09E-01,1.09E-01,3.31E-01,3.31E-01,0.0183006,0.000231737,0.000231737,0.01781895,0.01781895,0.004680925,0.004680925,0.013763,0.013763,,,
0.26,1.48E-10,1.59E-08,1.63E-07,5.00E-06,5.92E-05,2.98E-05,2.98E-05,2.97E-03,2.97E-03,1.06E-02,1.06E-02,0.00150111,0.000285888,3.88E-06,1.09E-01,1.09E-01,3.30E-01,3.30E-01,0.0182338,0.000236565,0.000236565,0.01809595,0.01809595,0.00466396,0.00466396,0.0140552,0.0140552,,,
0.264,1.66E-10,1.77E-08,1.78E-07,5.37E-06,6.26E-05,3.10E-05,3.10E-05,3.07E-03,3.07E-03,1.08E-02,1.08E-02,0.00155208,0.000300341,4.11E-06,1.10E-01,1.10E-01,3.29E-01,3.29E-01,0.0181666,0.000241405,0.000241405,0.0183725,0.0183725,0.004647245,0.004647245,0.01434705,0.01434705,,,
0.268,1.86E-10,1.95E-08,1.94E-07,5.76E-06,6.62E-05,3.22E-05,3.22E-05,3.18E-03,3.18E-03,1.10E-02,1.10E-02,0.00160373,0.000315244,4.35E-06,1.10E-01,1.10E-01,3.27E-01,3.27E-01,0.018099,0.000246259,0.000246259,0.01864855,0.01864855,0.00463078,0.00463078,0.01463855,0.01463855,,,
0.272,2.07E-10,2.16E-08,2.11E-07,6.17E-06,6.99E-05,3.35E-05,3.35E-05,3.28E-03,3.28E-03,1.12E-02,1.12E-02,0.00165605,0.000330599,4.61E-06,1.11E-01,1.11E-01,3.26E-01,3.26E-01,0.0180311,0.000251125,0.000251125,0.01892415,0.01892415,0.00461456,0.00461456,0.0149296,0.0149296,,,
0.276,2.31E-10,2.38E-08,2.29E-07,6.60E-06,7.37E-05,3.47E-05,3.47E-05,3.39E-03,3.39E-03,1.14E-02,1.14E-02,0.00170903,0.000346412,4.87E-06,1.11E-01,1.11E-01,3.24E-01,3.24E-01,0.017963,0.000256005,0.000256005,0.01919935,0.01919935,0.004598585,0.004598585,0.01522015,0.01522015,,,
0.28,2.57E-10,2.62E-08,2.48E-07,7.06E-06,7.76E-05,3.60E-05,3.60E-05,3.50E-03,3.50E-03,1.16E-02,1.16E-02,0.00176266,0.000362685,5.14E-06,1.12E-01,1.12E-01,3.23E-01,3.23E-01,0.0178948,0.000260897,0.000260897,0.01947405,0.01947405,0.00458285,0.00458285,0.01551015,0.01551015,,,
0.284,2.86E-10,2.89E-08,2.69E-07,7.53E-06,8.17E-05,3.73E-05,3.73E-05,3.61E-03,3.61E-03,1.18E-02,1.18E-02,0.00181692,0.000379423,5.42E-06,1.12E-01,1.12E-01,3.22E-01,3.22E-01,0.0178265,0.000265802,0.000265802,0.0197484,0.0197484,0.004567345,0.004567345,0.01579955,0.01579955,,,
0.288,3.17E-10,3.17E-08,2.91E-07,8.03E-06,8.59E-05,3.86E-05,3.86E-05,3.72E-03,3.72E-03,1.20E-02,1.20E-02,0.0018718,0.000396629,5.71E-06,1.13E-01,1.13E-01,3.21E-01,3.21E-01,0.0177582,0.00027072,0.00027072,0.0200223,0.0200223,0.004552075,0.004552075,0.01608835,0.01608835,,,
0.292,3.51E-10,3.47E-08,3.14E-07,8.55E-06,9.02E-05,4.00E-05,4.00E-05,3.83E-03,3.83E-03,1.22E-02,1.22E-02,0.00192729,0.000414305,6.01E-06,1.13E-01,1.13E-01,3.19E-01,3.19E-01,0.0176899,0.00027565,0.00027565,0.02029585,0.02029585,0.00453703,0.00453703,0.01637645,0.01637645,,,
0.296,3.88E-10,3.80E-08,3.39E-07,9.10E-06,9.47E-05,4.13E-05,4.13E-05,3.95E-03,3.95E-03,1.23E-02,1.23E-02,0.00198338,0.000432455,6.32E-06,1.14E-01,1.14E-01,3.18E-01,3.18E-01,0.0176217,0.000280593,0.000280593,0.020569,0.020569,0.00452221,0.00452221,0.0166638,0.0166638,,,
0.3,4.28E-10,4.16E-08,3.65E-07,9.68E-06,9.93E-05,4.27E-05,4.27E-05,4.06E-03,4.06E-03,1.25E-02,1.25E-02,0.00204005,0.000451083,6.64E-06,1.14E-01,1.14E-01,3.17E-01,3.17E-01,0.0175536,0.000285549,0.000285549,0.02084185,0.02084185,0.00450761,0.00450761,0.0169504,0.0169504,,,
0.304,4.72E-10,4.54E-08,3.93E-07,1.03E-05,0.000104068,4.41014E-05,4.41014E-05,0.00417843,0.00417843,0.0127193,0.0127193,0.00209729,0.00047019,6.98E-06,1.14E-01,1.14E-01,3.15E-01,3.15E-01,0.0174857,0.000290517,0.000290517,0.0211143,0.0211143,0.004493225,0.004493225,0.0172362,0.0172362,,,
0.308,5.20E-10,4.95E-08,4.22E-07,1.09E-05,0.000108976,4.55188E-05,4.55188E-05,0.00429626,0.00429626,0.0129068,0.0129068,0.0021551,0.000489779,7.32E-06,1.15E-01,1.15E-01,3.14E-01,3.14E-01,0.017418,0.000295498,0.000295498,0.0213864,0.0213864,0.00447905,0.00447905,0.01752115,0.01752115,,,
0.312,5.71E-10,5.39E-08,4.54E-07,1.16E-05,0.00011403,4.69551E-05,4.69551E-05,0.004415305,0.004415305,0.0130932,0.0130932,0.00221346,0.000509853,7.67E-06,1.15E-01,1.15E-01,3.13E-01,3.13E-01,0.0173505,0.000300491,0.000300491,0.02165815,0.02165815,0.004465085,0.004465085,0.0178052,0.0178052,,,
0.316,6.26E-10,5.86E-08,4.87E-07,1.22E-05,0.00011923,0.00004841,0.00004841,0.00453554,0.00453554,0.01327845,0.01327845,0.00227235,0.000530414,8.04E-06,1.15E-01,1.15E-01,3.12E-01,3.12E-01,0.0172833,0.000305496,0.000305496,0.0219296,0.0219296,0.00445132,0.00445132,0.01808835,0.01808835,,,
0.32,6.86E-10,6.37E-08,5.22E-07,1.29E-05,0.000124578,4.98833E-05,4.98833E-05,0.00465694,0.00465694,0.01346255,0.01346255,0.00233177,0.000551464,8.41E-06,1.16E-01,1.16E-01,3.11E-01,3.11E-01,0.0172164,0.000310513,0.000310513,0.0222007,0.0222007,0.00443776,0.00443776,0.0183705,0.0183705,,,
0.324,7.51E-10,6.91E-08,5.58E-07,1.37E-05,0.000130076,5.13745E-05,5.13745E-05,0.004779485,0.004779485,0.0136455,0.0136455,0.0023917,0.000573006,8.80E-06,1.16E-01,1.16E-01,3.09E-01,3.09E-01,0.0171497,0.000315542,0.000315542,0.0224715,0.0224715,0.004424395,0.004424395,0.0186517,0.0186517,,,
0.328,8.21E-10,7.48E-08,5.97E-07,1.45E-05,0.000135725,0.000052884,0.000052884,0.004903145,0.004903145,0.01382725,0.01382725,0.00245214,0.000595041,9.20E-06,1.16E-01,1.16E-01,3.08E-01,3.08E-01,0.0170835,0.000320583,0.000320583,0.022742,0.022742,0.00441122,0.00441122,0.0189319,0.0189319,,,
0.332,8.96E-10,8.10E-08,6.38E-07,1.53E-05,0.000141525,5.44105E-05,5.44105E-05,0.0050279,0.0050279,0.01400775,0.01400775,0.00251306,0.000617571,9.61E-06,1.17E-01,1.17E-01,3.07E-01,3.07E-01,0.0170176,0.000325635,0.000325635,0.0230122,0.0230122,0.00439824,0.00439824,0.01921105,0.01921105,,,
0.336,9.76E-10,8.76E-08,6.81E-07,1.61E-05,0.000147479,5.59545E-05,5.59545E-05,0.00515375,0.00515375,0.0141871,0.0141871,0.00257447,0.000640598,1.00E-05,1.17E-01,1.17E-01,3.06E-01,3.06E-01,0.016952,0.000330699,0.000330699,0.02328205,0.02328205,0.00438544,0.00438544,0.0194891,0.0194891,,,
0.34,1.06E-09,9.46E-08,7.26E-07,1.69E-05,0.000153587,5.75155E-05,5.75155E-05,0.00528065,0.00528065,0.01436525,0.01436525,0.00263635,0.000664123,1.05E-05,1.17E-01,1.17E-01,3.05E-01,3.05E-01,0.0168869,0.000335774,0.000335774,0.02355165,0.02355165,0.004372825,0.004372825,0.0197661,0.0197661,,,
0.344,1.16E-09,1.02E-07,7.74E-07,1.78E-05,0.000159851,0.000059093,0.000059093,0.00540855,0.00540855,0.01454215,0.01454215,0.00269868,0.000688147,1.09E-05,1.18E-01,1.18E-01,3.04E-01,3.04E-01,0.0168222,0.00034086,0.00034086,0.02382095,0.02382095,0.00436039,0.00436039,0.02004195,0.02004195,,,
0.348,1.26E-09,1.10E-07,8.24E-07,1.88E-05,0.000166271,0.000060687,0.000060687,0.00553745,0.00553745,0.0147178,0.0147178,0.00276146,0.000712672,1.14E-05,1.18E-01,1.18E-01,3.03E-01,3.03E-01,0.0167578,0.000345958,0.000345958,0.02408995,0.02408995,0.004348125,0.004348125,0.02031665,0.02031665,,,
0.352,1.36E-09,1.18E-07,8.76E-07,1.97E-05,0.000172849,6.22965E-05,6.22965E-05,0.00566735,0.00566735,0.01489225,0.01489225,0.00282468,0.000737699,1.18E-05,1.18E-01,1.18E-01,3.01E-01,3.01E-01,0.016694,0.000351065,0.000351065,0.02435865,0.02435865,0.004336035,0.004336035,0.0205902,0.0205902,,,
0.356,1.48E-09,1.27E-07,9.31E-07,2.07E-05,0.000179585,6.39225E-05,6.39225E-05,0.00579825,0.00579825,0.01506545,0.01506545,0.00288832,0.000763229,1.23E-05,1.18E-01,1.18E-01,3.00E-01,3.00E-01,0.0166305,0.000356183,0.000356183,0.0246271,0.0246271,0.004324115,0.004324115,0.0208626,0.0208626,,,
0.36,1.60E-09,1.37E-07,9.88E-07,2.18E-05,0.000186481,6.55635E-05,6.55635E-05,0.00593005,0.00593005,0.0152374,0.0152374,0.00295238,0.000789263,1.28E-05,1.18E-01,1.18E-01,2.99E-01,2.99E-01,0.0165676,0.000361312,0.000361312,0.0248952,0.0248952,0.00431236,0.00431236,0.02113375,0.02113375,,,
0.364,1.73E-09,1.47E-07,1.05E-06,2.28E-05,0.000193538,0.00006722,0.00006722,0.00606275,0.00606275,0.0154081,0.0154081,0.00301684,0.000815802,1.33E-05,1.19E-01,1.19E-01,2.98E-01,2.98E-01,0.016505,0.00036645,0.00036645,0.02516305,0.02516305,0.00430077,0.00430077,0.0214037,0.0214037,,,
0.368,1.87E-09,1.57E-07,1.11E-06,2.39E-05,0.000200756,6.88915E-05,6.88915E-05,0.0061964,0.0061964,0.01557755,0.01557755,0.0030817,0.000842845,1.38E-05,1.19E-01,1.19E-01,2.97E-01,2.97E-01,0.016443,0.000371598,0.000371598,0.02543065,0.02543065,0.004289335,0.004289335,0.02167235,0.02167235,,,
0.372,2.01E-09,1.69E-07,1.18E-06,2.51E-05,0.000208136,7.05775E-05,7.05775E-05,0.0063309,0.0063309,0.01574575,0.01574575,0.00314694,0.000870395,1.43E-05,1.19E-01,1.19E-01,2.96E-01,2.96E-01,0.0163814,0.000376756,0.000376756,0.0256979,0.0256979,0.00427806,0.00427806,0.0219398,0.0219398,,,
0.376,2.17E-09,1.81E-07,1.25E-06,2.63E-05,0.000215679,0.000072278,0.000072278,0.00646625,0.00646625,0.01591265,0.01591265,0.00321255,0.00089845,1.49E-05,1.19E-01,1.19E-01,2.95E-01,2.95E-01,0.0163203,0.000381923,0.000381923,0.0259649,0.0259649,0.00426694,0.00426694,0.022206,0.022206,,,
0.38,2.34E-09,1.93E-07,1.32E-06,2.75E-05,0.000223386,7.39925E-05,7.39925E-05,0.0066024,0.0066024,0.01607835,0.01607835,0.00327853,0.000927012,1.54E-05,1.19E-01,1.19E-01,2.94E-01,2.94E-01,0.0162597,0.000387099,0.000387099,0.02623165,0.02623165,0.004255965,0.004255965,0.02247085,0.02247085,,,
0.384,2.52E-09,2.07E-07,1.39E-06,2.87E-05,0.000231258,7.57205E-05,7.57205E-05,0.0067394,0.0067394,0.01624275,0.01624275,0.00334486,0.000956081,1.60E-05,1.20E-01,1.20E-01,2.93E-01,2.93E-01,0.0161995,0.000392284,0.000392284,0.02649805,0.02649805,0.00424514,0.00424514,0.02273445,0.02273445,,,
0.388,2.71E-09,2.21E-07,1.47E-06,3.00E-05,0.000239295,7.74625E-05,7.74625E-05,0.00687715,0.00687715,0.0164059,0.0164059,0.00341153,0.000985657,1.66E-05,1.20E-01,1.20E-01,2.92E-01,2.92E-01,0.0161399,0.000397477,0.000397477,0.0267642,0.0267642,0.004234465,0.004234465,0.0229967,0.0229967,,,
0.392,2.91E-09,2.35E-07,1.55E-06,3.14E-05,0.000247498,7.92175E-05,7.92175E-05,0.0070157,0.0070157,0.01656775,0.01656775,0.00347854,0.00101574,1.72E-05,1.20E-01,1.20E-01,2.91E-01,2.91E-01,0.0160807,0.000402679,0.000402679,0.02703005,0.02703005,0.004223925,0.004223925,0.02325765,0.02325765,,,
0.396,3.12E-09,2.51E-07,1.64E-06,3.27E-05,0.000255868,8.09855E-05,8.09855E-05,0.007155,0.007155,0.0167284,0.0167284,0.00354588,0.00104633,1.78E-05,1.20E-01,1.20E-01,2.90E-01,2.90E-01,0.016022,0.000407889,0.000407889,0.0272956,0.0272956,0.00421353,0.00421353,0.02351725,0.02351725,,,
0.4,3.35E-09,2.67E-07,1.73E-06,3.42E-05,0.000264405,8.27665E-05,8.27665E-05,0.007295,0.007295,0.01688775,0.01688775,0.00361353,0.00107742,1.84E-05,1.20E-01,1.20E-01,2.89E-01,2.89E-01,0.0159638,0.000413106,0.000413106,0.02756085,0.02756085,0.00420327,0.00420327,0.02377555,0.02377555,,,
0.404,3.58E-09,2.85E-07,1.82E-06,3.56E-05,0.000273109,8.45595E-05,8.45595E-05,0.00743575,0.00743575,0.01704585,0.01704585,0.00368149,0.00110903,1.90E-05,1.20E-01,1.20E-01,2.88E-01,2.88E-01,0.0159061,0.000418331,0.000418331,0.0278258,0.0278258,0.00419314,0.00419314,0.02403245,0.02403245,,,
0.408,3.84E-09,3.03E-07,1.91E-06,3.71E-05,0.000281982,8.63645E-05,8.63645E-05,0.00757715,0.00757715,0.0172027,0.0172027,0.00374974,0.00114113,1.96E-05,1.20E-01,1.20E-01,2.87E-01,2.87E-01,0.0158488,0.000423563,0.000423563,0.02809045,0.02809045,0.00418315,0.00418315,0.024288,0.024288,,,
0.412,4.10E-09,3.22E-07,2.01E-06,3.87E-05,0.000291024,0.000088182,0.000088182,0.00771925,0.00771925,0.0173583,0.0173583,0.00381829,0.00117375,2.03E-05,1.20E-01,1.20E-01,2.86E-01,2.86E-01,0.0157921,0.000428802,0.000428802,0.02835485,0.02835485,0.004173285,0.004173285,0.0245422,0.0245422,,,
0.416,4.39E-09,3.42E-07,2.12E-06,4.03E-05,0.000300236,9.00105E-05,9.00105E-05,0.00786195,0.00786195,0.01751265,0.01751265,0.00388712,0.00120686,2.10E-05,1.21E-01,1.21E-01,2.85E-01,2.85E-01,0.0157358,0.000434048,0.000434048,0.0286189,0.0286189,0.00416355,0.00416355,0.024795,0.024795,,,
0.42,4.68E-09,3.63E-07,2.22E-06,4.19E-05,0.000309617,0.000091851,0.000091851,0.0080053,0.0080053,0.01766575,0.01766575,0.00395622,0.00124049,2.16E-05,1.21E-01,1.21E-01,2.84E-01,2.84E-01,0.01568,0.0004393,0.0004393,0.02888265,0.02888265,0.004153935,0.004153935,0.0250464,0.0250464,,,
0.424,5.00E-09,3.85E-07,2.34E-06,4.36E-05,0.000319168,0.000093702,0.000093702,0.0081493,0.0081493,0.0178176,0.0178176,0.00402558,0.00127461,2.23E-05,1.21E-01,1.21E-01,2.84E-01,2.84E-01,0.0156247,0.000444558,0.000444558,0.02914605,0.02914605,0.004144445,0.004144445,0.02529645,0.02529645,,,
0.428,5.33E-09,4.08E-07,2.45E-06,4.53E-05,0.00032889,0.000095564,0.000095564,0.00829385,0.00829385,0.0179682,0.0179682,0.0040952,0.00130924,2.30E-05,1.21E-01,1.21E-01,2.83E-01,2.83E-01,0.0155699,0.000449822,0.000449822,0.02940915,0.02940915,0.004135075,0.004135075,0.0255451,0.0255451,,,
0.432,5.68E-09,4.33E-07,2.57E-06,4.71E-05,0.000338782,9.74365E-05,9.74365E-05,0.00843895,0.00843895,0.0181176,0.0181176,0.00416506,0.00134437,2.37E-05,1.21E-01,1.21E-01,2.82E-01,2.82E-01,0.0155155,0.000455091,0.000455091,0.02967195,0.02967195,0.004125825,0.004125825,0.02579235,0.02579235,,,
0.436,6.05E-09,4.58E-07,2.70E-06,4.89E-05,0.000348846,9.93195E-05,9.93195E-05,0.00858465,0.00858465,0.0182657,0.0182657,0.00423517,0.00138,2.45E-05,1.21E-01,1.21E-01,2.81E-01,2.81E-01,0.0154616,0.000460366,0.000460366,0.02993445,0.02993445,0.00411669,0.00411669,0.0260382,0.0260382,,,
0.44,6.43E-09,4.85E-07,2.83E-06,5.08E-05,0.000359082,0.000101213,0.000101213,0.00873085,0.00873085,0.01841265,0.01841265,0.0043055,0.00141613,2.52E-05,1.21E-01,1.21E-01,2.80E-01,2.80E-01,0.0154082,0.000465645,0.000465645,0.0301966,0.0301966,0.00410767,0.00410767,0.02628265,0.02628265,,,
0.444,6.84E-09,5.12E-07,2.96E-06,5.27E-05,0.000369489,0.000103115,0.000103115,0.0088776,0.0088776,0.01855835,0.01855835,0.00437606,0.00145276,2.60E-05,1.21E-01,1.21E-01,2.79E-01,2.79E-01,0.0153552,0.000470929,0.000470929,0.0304584,0.0304584,0.00409876,0.00409876,0.0265257,0.0265257,,,
0.448,7.27E-09,5.41E-07,3.10E-06,5.47E-05,0.000380069,0.000105028,0.000105028,0.0090248,0.0090248,0.01870285,0.01870285,0.00444684,0.00148988,2.67E-05,1.21E-01,1.21E-01,2.78E-01,2.78E-01,0.0153027,0.000476218,0.000476218,0.03071985,0.03071985,0.00408996,0.00408996,0.02676735,0.02676735,,,
0.452,7.72E-09,5.72E-07,3.24E-06,5.67E-05,0.00039082,0.000106949,0.000106949,0.0091725,0.0091725,0.0188461,0.0188461,0.00451782,0.0015275,2.75E-05,1.21E-01,1.21E-01,2.77E-01,2.77E-01,0.0152507,0.00048151,0.00048151,0.03098095,0.03098095,0.00408127,0.00408127,0.02700755,0.02700755,,,
0.456,8.19E-09,6.04E-07,3.39E-06,5.88E-05,0.000401744,0.00010888,0.00010888,0.0093207,0.0093207,0.0189882,0.0189882,0.00458901,0.00156562,2.83E-05,1.21E-01,1.21E-01,2.76E-01,2.76E-01,0.015199,0.000486807,0.000486807,0.03124175,0.03124175,0.00407268,0.00407268,0.02724635,0.02724635,,,
0.46,8.68E-09,6.37E-07,3.54E-06,6.09E-05,0.000412841,0.000110819,0.000110819,0.0094693,0.0094693,0.0191291,0.0191291,0.00466039,0.00160423,2.91E-05,1.21E-01,1.21E-01,2.76E-01,2.76E-01,0.0151479,0.000492106,0.000492106,0.03150215,0.03150215,0.0040642,0.0040642,0.02748375,0.02748375,,,
0.464,9.20E-09,6.71E-07,3.70E-06,6.31E-05,0.00042411,0.000112767,0.000112767,0.00961835,0.00961835,0.0192688,0.0192688,0.00473195,0.00164333,2.99E-05,1.21E-01,1.21E-01,2.75E-01,2.75E-01,0.0150971,0.000497409,0.000497409,0.03176225,0.03176225,0.00405582,0.00405582,0.02771975,0.02771975,,,
0.468,9.74E-09,7.07E-07,3.86E-06,6.53E-05,0.000435553,0.000114724,0.000114724,0.0097678,0.0097678,0.0194073,0.0194073,0.0048037,0.00168292,3.08E-05,1.21E-01,1.21E-01,2.74E-01,2.74E-01,0.0150468,0.000502715,0.000502715,0.03202195,0.03202195,0.00404754,0.00404754,0.0279543,0.0279543,,,
0.472,1.03E-08,7.45E-07,4.03E-06,6.76E-05,0.000447168,0.000116688,0.000116688,0.00991765,0.00991765,0.0195446,0.0195446,0.00487562,0.001723,3.16E-05,1.21E-01,1.21E-01,2.73E-01,2.73E-01,0.014997,0.000508025,0.000508025,0.0322813,0.0322813,0.00403936,0.00403936,0.02818745,0.02818745,,,
0.476,1.09E-08,7.84E-07,4.20E-06,6.99E-05,0.000458956,0.000118661,0.000118661,0.0100679,0.0100679,0.0196808,0.0196808,0.00494771,0.00176356,3.25E-05,1.21E-01,1.21E-01,2.72E-01,2.72E-01,0.0149475,0.000513335,0.000513335,0.03254025,0.03254025,0.004031275,0.004031275,0.0284192,0.0284192,,,
0.48,1.15E-08,8.25E-07,4.38E-06,7.23E-05,0.000470917,0.000120641,0.000120641,0.0102185,0.0102185,0.0198158,0.0198158,0.00501996,0.00180462,3.33E-05,1.21E-01,1.21E-01,2.71E-01,2.71E-01,0.0148985,0.000518645,0.000518645,0.03279885,0.03279885,0.004023285,0.004023285,0.02864955,0.02864955,,,
0.484,1.22E-08,8.68E-07,4.57E-06,7.47E-05,0.000483051,0.000122628,0.000122628,0.01036945,0.01036945,0.01994965,0.01994965,0.00509236,0.00184615,3.42E-05,1.21E-01,1.21E-01,2.71E-01,2.71E-01,0.0148499,0.00052396,0.00052396,0.03305705,0.03305705,0.00401539,0.00401539,0.02887845,0.02887845,,,
0.488,1.29E-08,9.12E-07,4.76E-06,7.72E-05,0.000495359,0.000124622,0.000124622,0.0105207,0.0105207,0.02008235,0.02008235,0.00516491,0.00188817,3.51E-05,1.21E-01,1.21E-01,2.70E-01,2.70E-01,0.0148017,0.00052928,0.00052928,0.03331485,0.03331485,0.004007585,0.004007585,0.029106,0.029106,,,
0.492,1.36E-08,9.58E-07,4.96E-06,7.98E-05,0.000507839,0.000126624,0.000126624,0.0106723,0.0106723,0.02021395,0.02021395,0.0052376,0.00193066,3.60E-05,1.21E-01,1.21E-01,2.69E-01,2.69E-01,0.014754,0.000534595,0.000534595,0.03357225,0.03357225,0.00399987,0.00399987,0.0293321,0.0293321,,,
0.496,1.43E-08,1.01E-06,5.16E-06,8.24E-05,0.000520492,0.000128632,0.000128632,0.0108242,0.0108242,0.02034435,0.02034435,0.00531043,0.00197364,3.69E-05,1.21E-01,1.21E-01,2.68E-01,2.68E-01,0.0147066,0.000539915,0.000539915,0.0338293,0.0338293,0.003992245,0.003992245,0.02955685,0.02955685,,,
0.5,1.51E-08,1.06E-06,5.37E-06,8.50E-05,0.000533317,0.000130647,0.000130647,0.0109764,0.0109764,0.0204737,0.0204737,0.00538339,0.00201708,3.79E-05,1.21E-01,1.21E-01,2.67E-01,2.67E-01,0.0146596,0.00054523,0.00054523,0.0340859,0.0340859,0.003984705,0.003984705,0.02978015,0.02978015,,,
0.504,1.59E-08,1.11E-06,5.58E-06,8.78E-05,0.000546316,0.000132668,0.000132668,0.01112885,0.01112885,0.0206019,0.0206019,0.00545647,0.00206101,3.88E-05,1.21E-01,1.21E-01,2.67E-01,2.67E-01,0.014613,0.00055055,0.00055055,0.0343421,0.0343421,0.003977255,0.003977255,0.03000205,0.03000205,,,
0.508,1.68E-08,1.16E-06,5.81E-06,9.05E-05,0.000559487,0.000134695,0.000134695,0.01128155,0.01128155,0.020729,0.020729,0.00552967,0.0021054,3.98E-05,1.21E-01,1.21E-01,2.66E-01,2.66E-01,0.0145668,0.00055587,0.00055587,0.0345979,0.0345979,0.003969885,0.003969885,0.0302226,0.0302226,,,
0.512,1.76E-08,1.22E-06,6.03E-06,9.34E-05,0.00057283,0.000136729,0.000136729,0.0114345,0.0114345,0.020855,0.020855,0.00560298,0.00215026,4.07E-05,1.21E-01,1.21E-01,2.65E-01,2.65E-01,0.014521,0.00056119,0.00056119,0.03485325,0.03485325,0.003962595,0.003962595,0.03044175,0.03044175,,,
0.516,1.86E-08,1.27E-06,6.27E-06,9.62E-05,0.000586346,0.000138767,0.000138767,0.01158765,0.01158765,0.0209799,0.0209799,0.0056764,0.0021956,4.17E-05,1.21E-01,1.21E-01,2.64E-01,2.64E-01,0.0144755,0.00056651,0.00056651,0.0351082,0.0351082,0.00395539,0.00395539,0.0306595,0.0306595,,,
0.52,1.95E-08,1.33E-06,6.51E-06,9.92E-05,0.000600034,0.000140812,0.000140812,0.01174105,0.01174105,0.0211037,0.0211037,0.00574992,0.00224139,4.27E-05,1.21E-01,1.21E-01,2.64E-01,2.64E-01,0.0144304,0.000571825,0.000571825,0.0353627,0.0353627,0.003948265,0.003948265,0.0308759,0.0308759,,,
0.524,2.05E-08,1.40E-06,6.76E-06,0.000102184,0.000613893,0.000142861,0.000142861,0.01189465,0.01189465,0.0212265,0.0212265,0.00582354,0.00228765,4.37E-05,1.21E-01,1.21E-01,2.63E-01,2.63E-01,0.0143857,0.00057714,0.00057714,0.03561675,0.03561675,0.003941215,0.003941215,0.0310909,0.0310909,,,
0.528,2.15E-08,1.46E-06,7.01E-06,0.000105245,0.000627925,0.000144916,0.000144916,0.0120484,0.0120484,0.02134815,0.02134815,0.00589725,0.00233437,4.48E-05,1.21E-01,1.21E-01,2.62E-01,2.62E-01,0.0143414,0.00058246,0.00058246,0.0358704,0.0358704,0.003934245,0.003934245,0.0313045,0.0313045,,,
0.532,2.26E-08,1.53E-06,7.27E-06,0.000108365,0.000642127,0.000146975,0.000146975,0.01220235,0.01220235,0.0214688,0.0214688,0.00597105,0.00238155,4.58E-05,1.21E-01,1.21E-01,2.61E-01,2.61E-01,0.0142974,0.00058777,0.00058777,0.03612355,0.03612355,0.00392735,0.00392735,0.0315168,0.0315168,,,
0.536,2.37E-08,1.60E-06,7.54E-06,0.000111545,0.000656501,0.00014904,0.00014904,0.01235645,0.01235645,0.0215884,0.0215884,0.00604493,0.00242918,4.68E-05,1.21E-01,1.21E-01,2.61E-01,2.61E-01,0.0142538,0.000593085,0.000593085,0.03637625,0.03637625,0.00392053,0.00392053,0.0317277,0.0317277,,,
0.54,2.49E-08,1.67E-06,7.82E-06,0.000114785,0.000671046,0.000151108,0.000151108,0.01251075,0.01251075,0.02170695,0.02170695,0.00611889,0.00247727,4.79E-05,1.21E-01,1.21E-01,2.60E-01,2.60E-01,0.0142105,0.000598395,0.000598395,0.03662855,0.03662855,0.00391378,0.00391378,0.03193725,0.03193725,,,
0.544,2.61E-08,1.74E-06,8.10E-06,0.000118086,0.000685761,0.000153181,0.000153181,0.0126651,0.0126651,0.0218245,0.0218245,0.00619292,0.0025258,4.90E-05,1.21E-01,1.21E-01,2.59E-01,2.59E-01,0.0141676,0.0006037,0.0006037,0.0368803,0.0368803,0.003907105,0.003907105,0.03214545,0.03214545,,,
0.548,2.74E-08,1.82E-06,8.39E-06,0.000121449,0.000700646,0.000155259,0.000155259,0.01281965,0.01281965,0.021941,0.021941,0.00626702,0.00257479,5.01E-05,1.21E-01,1.21E-01,2.59E-01,2.59E-01,0.014125,0.000609005,0.000609005,0.03713165,0.03713165,0.0039005,0.0039005,0.0323523,0.0323523,,,
0.552,2.87E-08,1.90E-06,8.69E-06,0.000124872,0.000715701,0.00015734,0.00015734,0.01297425,0.01297425,0.0220565,0.0220565,0.00634118,0.00262422,5.11E-05,1.21E-01,1.21E-01,2.58E-01,2.58E-01,0.0140827,0.00061431,0.00061431,0.0373825,0.0373825,0.00389396,0.00389396,0.0325578,0.0325578,,,
0.556,3.00E-08,1.98E-06,9.00E-06,0.000128357,0.000730926,0.000159425,0.000159425,0.01312895,0.01312895,0.02217095,0.02217095,0.0064154,0.0026741,5.23E-05,1.21E-01,1.21E-01,2.57E-01,2.57E-01,0.0140408,0.00061961,0.00061961,0.03763285,0.03763285,0.003887495,0.003887495,0.032762,0.032762,,,
0.56,3.14E-08,2.07E-06,9.31E-06,0.000131905,0.00074632,0.000161513,0.000161513,0.01328375,0.01328375,0.02228445,0.02228445,0.00648968,0.00272441,5.34E-05,1.20E-01,1.20E-01,2.56E-01,2.56E-01,0.0139992,0.000624905,0.000624905,0.0378827,0.0378827,0.003881095,0.003881095,0.03296485,0.03296485,,,
0.564,3.29E-08,2.15E-06,9.64E-06,0.000135515,0.000761883,0.000163605,0.000163605,0.01343865,0.01343865,0.022397,0.022397,0.00656401,0.00277517,5.45E-05,1.20E-01,1.20E-01,2.56E-01,2.56E-01,0.0139579,0.000630195,0.000630195,0.0381321,0.0381321,0.003874755,0.003874755,0.0331664,0.0331664,,,
0.568,3.44E-08,2.24E-06,9.97E-06,0.000139188,0.000777614,0.0001657,0.0001657,0.0135936,0.0135936,0.0225085,0.0225085,0.00663838,0.00282636,5.57E-05,1.20E-01,1.20E-01,2.55E-01,2.55E-01,0.0139169,0.000635485,0.000635485,0.038381,0.038381,0.003868485,0.003868485,0.0333666,0.0333666,,,
0.572,3.60E-08,2.34E-06,1.03E-05,0.000142924,0.000793514,0.000167798,0.000167798,0.01374855,0.01374855,0.0226191,0.0226191,0.0067128,0.00287798,5.68E-05,1.20E-01,1.20E-01,2.54E-01,2.54E-01,0.0138763,0.00064077,0.00064077,0.03862935,0.03862935,0.00386228,0.00386228,0.0335655,0.0335655,,,
0.576,3.76E-08,2.43E-06,1.06E-05,0.000146724,0.000809581,0.000169899,0.000169899,0.0139036,0.0139036,0.0227287,0.0227287,0.00678726,0.00293004,5.80E-05,1.20E-01,1.20E-01,2.54E-01,2.54E-01,0.0138359,0.00064605,0.00064605,0.0388772,0.0388772,0.003856135,0.003856135,0.0337631,0.0337631,,,
0.58,3.93E-08,2.53E-06,1.10E-05,0.000150588,0.000825815,0.000172003,0.000172003,0.01405865,0.01405865,0.02283735,0.02283735,0.00686175,0.00298252,5.92E-05,1.20E-01,1.20E-01,2.53E-01,2.53E-01,0.0137959,0.000651325,0.000651325,0.0391246,0.0391246,0.003850055,0.003850055,0.03395945,0.03395945,,,
0.584,4.10E-08,2.64E-06,1.14E-05,0.000154516,0.000842215,0.000174109,0.000174109,0.0142137,0.0142137,0.0229451,0.0229451,0.00693628,0.00303543,6.04E-05,1.20E-01,1.20E-01,2.52E-01,2.52E-01,0.0137562,0.000656595,0.000656595,0.0393714,0.0393714,0.00384403,0.00384403,0.03415445,0.03415445,,,
0.588,4.28E-08,2.74E-06,1.17E-05,0.000158508,0.000858782,0.000176218,0.000176218,0.0143688,0.0143688,0.0230519,0.0230519,0.00701084,0.00308876,6.16E-05,1.20E-01,1.20E-01,2.52E-01,2.52E-01,0.0137167,0.00066186,0.00066186,0.03961775,0.03961775,0.00383807,0.00383807,0.0343482,0.0343482,,,
0.592,4.47E-08,2.85E-06,1.21E-05,0.000162566,0.000875515,0.000178329,0.000178329,0.0145239,0.0145239,0.02315775,0.02315775,0.00708542,0.00314251,6.28E-05,1.20E-01,1.20E-01,2.51E-01,2.51E-01,0.0136776,0.00066712,0.00066712,0.0398635,0.0398635,0.003832165,0.003832165,0.03454065,0.03454065,,,
0.596,4.66E-08,2.96E-06,1.25E-05,0.000166689,0.000892413,0.000180443,0.000180443,0.01467895,0.01467895,0.0232627,0.0232627,0.00716002,0.00319668,6.40E-05,1.20E-01,1.20E-01,2.50E-01,2.50E-01,0.0136387,0.000672375,0.000672375,0.04010875,0.04010875,0.00382632,0.00382632,0.03473185,0.03473185,,,
0.6,4.86E-08,3.08E-06,1.29E-05,0.000170877,0.000909476,0.000182558,0.000182558,0.014834,0.014834,0.02336675,0.02336675,0.00723464,0.00325126,6.52E-05,1.20E-01,1.20E-01,2.50E-01,2.50E-01,0.0136002,0.000677625,0.000677625,0.04035345,0.04035345,0.00382053,0.00382053,0.0349218,0.0349218,,,
0.604,5.07E-08,3.20E-06,1.33E-05,0.000175131,0.000926703,0.000184675,0.000184675,0.014989,0.014989,0.0234699,0.0234699,0.00730928,0.00330625,6.65E-05,1.19E-01,1.19E-01,2.49E-01,2.49E-01,0.0135619,0.00068287,0.00068287,0.04059765,0.04059765,0.003814795,0.003814795,0.0351105,0.0351105,,,
0.608,5.28E-08,3.32E-06,1.37E-05,0.000179451,0.000944094,0.000186793,0.000186793,0.01514395,0.01514395,0.02357215,0.02357215,0.00738392,0.00336165,6.78E-05,1.19E-01,1.19E-01,2.48E-01,2.48E-01,0.0135239,0.00068811,0.00068811,0.04084125,0.04084125,0.003809115,0.003809115,0.03529795,0.03529795,,,
0.612,5.50E-08,3.45E-06,1.42E-05,0.000183837,0.000961648,0.000188913,0.000188913,0.01529885,0.01529885,0.02367355,0.02367355,0.00745858,0.00341746,6.90E-05,1.19E-01,1.19E-01,2.48E-01,2.48E-01,0.0134861,0.00069334,0.00069334,0.0410843,0.0410843,0.00380349,0.00380349,0.03548415,0.03548415,,,
0.616,5.73E-08,3.58E-06,1.46E-05,0.00018829,0.000979365,0.000191035,0.000191035,0.0154537,0.0154537,0.02377405,0.02377405,0.00753325,0.00347367,7.03E-05,1.19E-01,1.19E-01,2.47E-01,2.47E-01,0.0134487,0.000698565,0.000698565,0.0413268,0.0413268,0.00379792,0.00379792,0.0356691,0.0356691,,,
0.62,5.96E-08,3.71E-06,1.50E-05,0.00019281,0.000997244,0.000193157,0.000193157,0.0156085,0.0156085,0.0238737,0.0238737,0.00760791,0.00353028,7.16E-05,1.19E-01,1.19E-01,2.46E-01,2.46E-01,0.0134115,0.000703785,0.000703785,0.04156875,0.04156875,0.0037924,0.0037924,0.03585285,0.03585285,,,
0.624,6.20E-08,3.85E-06,1.55E-05,0.000197397,0.00101528,0.000195281,0.000195281,0.0157632,0.0157632,0.0239725,0.0239725,0.00768258,0.00358729,7.29E-05,1.19E-01,1.19E-01,2.46E-01,2.46E-01,0.0133745,0.000708995,0.000708995,0.04181015,0.04181015,0.00378693,0.00378693,0.03603535,0.03603535,,,
0.628,6.45E-08,3.99E-06,1.60E-05,0.000202051,0.00103349,0.000197406,0.000197406,0.0159178,0.0159178,0.02407045,0.02407045,0.00775725,0.0036447,7.42E-05,1.19E-01,1.19E-01,2.45E-01,2.45E-01,0.0133379,0.0007142,0.0007142,0.04205095,0.04205095,0.00378151,0.00378151,0.0362167,0.0362167,,,
0.632,6.71E-08,4.14E-06,1.64E-05,0.000206773,0.00105185,0.000199531,0.000199531,0.0160723,0.0160723,0.0241676,0.0241676,0.00783191,0.00370249,7.56E-05,1.19E-01,1.19E-01,2.45E-01,2.45E-01,0.0133014,0.000719395,0.000719395,0.04229115,0.04229115,0.003776145,0.003776145,0.0363968,0.0363968,,,
0.636,6.97E-08,4.29E-06,1.69E-05,0.000211562,0.00107037,0.000201657,0.000201657,0.0162267,0.0162267,0.0242639,0.0242639,0.00790656,0.00376068,7.69E-05,1.19E-01,1.19E-01,2.44E-01,2.44E-01,0.0132653,0.000724585,0.000724585,0.0425308,0.0425308,0.003770825,0.003770825,0.0365757,0.0365757,,,
0.64,7.25E-08,4.44E-06,1.74E-05,0.00021642,0.00108905,0.000203784,0.000203784,0.016381,0.016381,0.02435935,0.02435935,0.00798121,0.00381925,7.83E-05,1.19E-01,1.19E-01,2.43E-01,2.43E-01,0.0132294,0.000729765,0.000729765,0.04276985,0.04276985,0.00376555,0.00376555,0.03675345,0.03675345,,,
0.644,7.53E-08,4.60E-06,1.79E-05,0.000221346,0.00110789,0.000205911,0.000205911,0.01653515,0.01653515,0.024454,0.024454,0.00805584,0.0038782,7.96E-05,1.18E-01,1.18E-01,2.43E-01,2.43E-01,0.0131937,0.00073494,0.00073494,0.04300835,0.04300835,0.003760325,0.003760325,0.03693,0.03693,,,
0.648,7.82E-08,4.77E-06,1.84E-05,0.00022634,0.00112689,0.000208039,0.000208039,0.0166892,0.0166892,0.02454785,0.02454785,0.00813045,0.00393754,8.10E-05,1.18E-01,1.18E-01,2.42E-01,2.42E-01,0.0131583,0.000740105,0.000740105,0.0432462,0.0432462,0.00375515,0.00375515,0.03710535,0.03710535,,,
0.652,8.12E-08,4.93E-06,1.90E-05,0.000231404,0.00114604,0.000210166,0.000210166,0.0168431,0.0168431,0.02464095,0.02464095,0.00820505,0.00399725,8.24E-05,1.18E-01,1.18E-01,2.41E-01,2.41E-01,0.0131231,0.000745265,0.000745265,0.0434835,0.0434835,0.003750015,0.003750015,0.03727955,0.03727955,,,
0.656,8.42E-08,5.11E-06,1.95E-05,0.000236535,0.00116535,0.000212294,0.000212294,0.01699685,0.01699685,0.0247332,0.0247332,0.00827964,0.00405734,8.38E-05,1.18E-01,1.18E-01,2.41E-01,2.41E-01,0.0130881,0.000750415,0.000750415,0.04372015,0.04372015,0.00374493,0.00374493,0.03745265,0.03745265,,,
0.66,8.74E-08,5.28E-06,2.00E-05,0.000241736,0.00118482,0.000214421,0.000214421,0.01715045,0.01715045,0.0248247,0.0248247,0.00835419,0.00411779,8.52E-05,1.18E-01,1.18E-01,2.40E-01,2.40E-01,0.0130534,0.000755555,0.000755555,0.04395625,0.04395625,0.00373989,0.00373989,0.03762455,0.03762455,,,
0.664,9.07E-08,5.46E-06,2.06E-05,0.000247007,0.00120444,0.000216549,0.000216549,0.0173039,0.0173039,0.02491545,0.02491545,0.00842873,0.00417862,8.66E-05,1.18E-01,1.18E-01,2.40E-01,2.40E-01,0.0130189,0.000760685,0.000760685,0.0441917,0.0441917,0.00373489,0.00373489,0.0377953,0.0377953,,,
0.668,9.40E-08,5.65E-06,2.12E-05,0.000252346,0.00122422,0.000218676,0.000218676,0.01745715,0.01745715,0.0250054,0.0250054,0.00850324,0.00423982,8.80E-05,1.18E-01,1.18E-01,2.39E-01,2.39E-01,0.0129846,0.00076581,0.00076581,0.04442655,0.04442655,0.003729935,0.003729935,0.0379649,0.0379649,,,
0.672,9.75E-08,5.84E-06,2.17E-05,0.000257755,0.00124415,0.000220803,0.000220803,0.01761025,0.01761025,0.0250946,0.0250946,0.00857772,0.00430137,8.95E-05,1.18E-01,1.18E-01,2.39E-01,2.39E-01,0.0129506,0.000770925,0.000770925,0.04466075,0.04466075,0.00372502,0.00372502,0.0381334,0.0381334,,,
0.676,1.01E-07,6.04E-06,2.23E-05,0.000263234,0.00126424,0.000222929,0.000222929,0.01776315,0.01776315,0.0251831,0.0251831,0.00865218,0.00436329,9.09E-05,1.17E-01,1.17E-01,2.38E-01,2.38E-01,0.0129168,0.00077603,0.00077603,0.0448944,0.0448944,0.003720145,0.003720145,0.0383008,0.0383008,,,
0.68,1.05E-07,6.24E-06,2.29E-05,0.000268783,0.00128448,0.000225054,0.000225054,0.01791585,0.01791585,0.0252708,0.0252708,0.0087266,0.00442556,9.24E-05,1.17E-01,1.17E-01,2.37E-01,2.37E-01,0.0128832,0.000781125,0.000781125,0.04512735,0.04512735,0.003715315,0.003715315,0.0384671,0.0384671,,,
0.684,1.08E-07,6.44E-06,2.35E-05,0.000274402,0.00130487,0.000227179,0.000227179,0.0180684,0.0180684,0.0253578,0.0253578,0.00880099,0.00448819,9.39E-05,1.17E-01,1.17E-01,2.37E-01,2.37E-01,0.0128498,0.00078621,0.00078621,0.0453597,0.0453597,0.003710525,0.003710525,0.03863225,0.03863225,,,
0.688,1.12E-07,6.66E-06,2.42E-05,0.000280091,0.00132541,0.000229303,0.000229303,0.0182207,0.0182207,0.02544405,0.02544405,0.00887535,0.00455117,9.53E-05,1.17E-01,1.17E-01,2.36E-01,2.36E-01,0.0128167,0.00079129,0.00079129,0.04559145,0.04559145,0.003705775,0.003705775,0.0387963,0.0387963,,,
0.692,1.16E-07,6.87E-06,2.48E-05,0.00028585,0.0013461,0.000231426,0.000231426,0.0183728,0.0183728,0.02552965,0.02552965,0.00894966,0.0046145,9.68E-05,1.17E-01,1.17E-01,2.36E-01,2.36E-01,0.0127837,0.000796355,0.000796355,0.04582255,0.04582255,0.00370106,0.00370106,0.0389593,0.0389593,,,
0.696,1.20E-07,7.09E-06,2.54E-05,0.000291679,0.00136695,0.000233548,0.000233548,0.0185247,0.0185247,0.0256145,0.0256145,0.00902394,0.00467818,9.83E-05,1.17E-01,1.17E-01,2.35E-01,2.35E-01,0.012751,0.00080141,0.00080141,0.046053,0.046053,0.003696385,0.003696385,0.0391212,0.0391212,,,
0.7,1.25E-07,7.32E-06,2.61E-05,0.000297579,0.00138794,0.000235669,0.000235669,0.0186764,0.0186764,0.02569865,0.02569865,0.00909818,0.0047422,9.98E-05,1.17E-01,1.17E-01,2.34E-01,2.34E-01,0.0127184,0.000806455,0.000806455,0.0462828,0.0462828,0.00369175,0.00369175,0.039282,0.039282,,,
0.704,1.29E-07,7.55E-06,2.68E-05,0.00030355,0.00140908,0.000237788,0.000237788,0.01882785,0.01882785,0.0257821,0.0257821,0.00917238,0.00480656,0.000101362,0.11651,0.11651,0.2339335,0.2339335,0.0126861,0.000811495,0.000811495,0.04651195,0.04651195,0.003687155,0.003687155,0.03944175,0.03944175,,,
0.708,1.33E-07,7.79E-06,2.74E-05,0.000309592,0.00143037,0.000239906,0.000239906,0.01897905,0.01897905,0.02586485,0.02586485,0.00924654,0.00487125,0.000102893,0.116375,0.116375,0.2333765,0.2333765,0.012654,0.00081652,0.00081652,0.0467405,0.0467405,0.00368259,0.00368259,0.03960045,0.03960045,,,
0.712,1.38E-07,8.04E-06,2.81E-05,0.000315704,0.0014518,0.000242023,0.000242023,0.01913,0.01913,0.02594695,0.02594695,0.00932065,0.00493628,0.000104433,0.116239,0.116239,0.2328225,0.2328225,0.0126221,0.000821535,0.000821535,0.04696835,0.04696835,0.003678065,0.003678065,0.0397581,0.0397581,,,
0.716,1.42E-07,8.29E-06,2.88E-05,0.000321888,0.00147338,0.000244138,0.000244138,0.01928075,0.01928075,0.02602835,0.02602835,0.00939472,0.00500165,0.000105984,0.1161025,0.1161025,0.2322715,0.2322715,0.0125903,0.00082654,0.00082654,0.04719555,0.04719555,0.003673575,0.003673575,0.0399147,0.0399147,,,
0.72,1.47E-07,8.54E-06,2.96E-05,0.000328142,0.00149511,0.000246252,0.000246252,0.0194312,0.0194312,0.02610915,0.02610915,0.00946874,0.00506734,0.000107544,0.115965,0.115965,0.2317235,0.2317235,0.0125588,0.000831535,0.000831535,0.04742215,0.04742215,0.00366912,0.00366912,0.0400703,0.0400703,,,
0.724,1.52E-07,8.80E-06,3.03E-05,0.000334467,0.00151698,0.000248364,0.000248364,0.01958145,0.01958145,0.02618925,0.02618925,0.00954271,0.00513336,0.000109114,0.1158265,0.1158265,0.2311785,0.2311785,0.0125274,0.000836515,0.000836515,0.047648,0.047648,0.0036647,0.0036647,0.0402248,0.0402248,,,
0.728,1.57E-07,9.07E-06,3.10E-05,0.000340864,0.001539,0.000250474,0.000250474,0.0197314,0.0197314,0.0262687,0.0262687,0.00961663,0.0051997,0.000110693,0.1156875,0.1156875,0.2306365,0.2306365,0.0124963,0.00084149,0.00084149,0.04787325,0.04787325,0.00366031,0.00366031,0.04037835,0.04037835,,,
0.732,1.62E-07,9.35E-06,3.18E-05,0.000347332,0.00156116,0.000252582,0.000252582,0.0198811,0.0198811,0.0263475,0.0263475,0.0096905,0.00526636,0.000112282,0.115548,0.115548,0.2300975,0.2300975,0.0124653,0.00084645,0.00084645,0.04809785,0.04809785,0.00365596,0.00365596,0.04053085,0.04053085,,,
0.736,1.67E-07,9.63E-06,3.26E-05,0.000353871,0.00158346,0.000254689,0.000254689,0.0200305,0.0200305,0.02642565,0.02642565,0.00976432,0.00533333,0.00011388,0.1154075,0.1154075,0.2295615,0.2295615,0.0124345,0.000851395,0.000851395,0.04832175,0.04832175,0.00365164,0.00365164,0.04068235,0.04068235,,,
0.74,1.73E-07,9.91E-06,3.33E-05,0.000360482,0.00160591,0.000256793,0.000256793,0.02017965,0.02017965,0.0265032,0.0265032,0.00983809,0.00540063,0.000115487,0.1152665,0.1152665,0.2290285,0.2290285,0.0124039,0.000856335,0.000856335,0.04854495,0.04854495,0.00364735,0.00364735,0.0408328,0.0408328,,,
0.744,1.78E-07,1.02E-05,3.41E-05,0.000367164,0.00162849,0.000258895,0.000258895,0.0203285,0.0203285,0.02658015,0.02658015,0.0099118,0.00546823,0.000117104,0.115125,0.115125,0.228498,0.228498,0.0123735,0.00086126,0.00086126,0.0487675,0.0487675,0.003643095,0.003643095,0.04098235,0.04098235,,,
0.748,1.84E-07,1.05E-05,3.49E-05,0.000373917,0.00165122,0.000260995,0.000260995,0.0204771,0.0204771,0.02665645,0.02665645,0.00998546,0.00553615,0.00011873,0.1149825,0.1149825,0.2279705,0.2279705,0.0123432,0.000866175,0.000866175,0.0489894,0.0489894,0.00363887,0.00363887,0.04113085,0.04113085,,,
0.752,1.90E-07,1.08E-05,3.58E-05,0.000380742,0.00167409,0.000263093,0.000263093,0.0206254,0.0206254,0.02673215,0.02673215,0.0100591,0.00560437,0.000120365,0.11484,0.11484,0.2274455,0.2274455,0.0123132,0.00087108,0.00087108,0.0492106,0.0492106,0.00363468,0.00363468,0.0412784,0.0412784,,,
0.756,1.96E-07,1.11E-05,3.66E-05,0.000387639,0.00169709,0.000265188,0.000265188,0.0207734,0.0207734,0.02680725,0.02680725,0.0101326,0.00567289,0.000122009,0.1146965,0.1146965,0.2269235,0.2269235,0.0122833,0.00087597,0.00087597,0.04943115,0.04943115,0.003630515,0.003630515,0.04142495,0.04142495,,,
0.76,2.02E-07,1.14E-05,3.74E-05,0.000394607,0.00172024,0.000267281,0.000267281,0.0209211,0.0209211,0.02688175,0.02688175,0.0102061,0.00574171,0.000123662,0.1145525,0.1145525,0.226404,0.226404,0.0122535,0.00088085,0.00088085,0.04965095,0.04965095,0.003626385,0.003626385,0.04157055,0.04157055,,,
0.764,2.08E-07,1.18E-05,3.83E-05,0.000401647,0.00174352,0.000269371,0.000269371,0.02106845,0.02106845,0.02695565,0.02695565,0.0102795,0.00581084,0.000125324,0.114408,0.114408,0.2258875,0.2258875,0.012224,0.000885715,0.000885715,0.0498701,0.0498701,0.00362228,0.00362228,0.0417152,0.0417152,,,
0.768,2.15E-07,1.21E-05,3.92E-05,0.000408758,0.00176694,0.000271459,0.000271459,0.02121555,0.02121555,0.027029,0.027029,0.0103529,0.00588025,0.000126994,0.114263,0.114263,0.2253735,0.2253735,0.0121946,0.00089057,0.00089057,0.0500885,0.0500885,0.003618205,0.003618205,0.0418589,0.0418589,,,
0.772,2.21E-07,1.24E-05,4.01E-05,0.000415941,0.00179049,0.000273544,0.000273544,0.0213623,0.0213623,0.02710175,0.02710175,0.0104262,0.00594996,0.000128674,0.114118,0.114118,0.2248625,0.2248625,0.0121654,0.000895415,0.000895415,0.0503065,0.0503065,0.00361416,0.00361416,0.04200165,0.04200165,,,
0.776,2.28E-07,1.28E-05,4.10E-05,0.000423196,0.00181418,0.000275627,0.000275627,0.0215088,0.0215088,0.0271739,0.0271739,0.0104994,0.00601996,0.000130362,0.113972,0.113972,0.2243535,0.2243535,0.0121363,0.000900245,0.000900245,0.0505235,0.0505235,0.003610145,0.003610145,0.04214345,0.04214345,,,
0.78,2.35E-07,1.31E-05,4.19E-05,0.000430522,0.001838,0.000277706,0.000277706,0.0216549,0.0216549,0.02724555,0.02724555,0.0105726,0.00609025,0.000132059,0.113826,0.113826,0.2238475,0.2238475,0.0121074,0.00090506,0.00090506,0.05074,0.05074,0.00360616,0.00360616,0.04228435,0.04228435,,,
0.784,2.42E-07,1.35E-05,4.28E-05,0.00043792,0.00186196,0.000279783,0.000279783,0.02180075,0.02180075,0.0273166,0.0273166,0.0106457,0.00616082,0.000133764,0.113679,0.113679,0.223344,0.223344,0.0120787,0.000909865,0.000909865,0.0509555,0.0509555,0.003602195,0.003602195,0.0424243,0.0424243,,,
0.788,2.49E-07,1.39E-05,4.37E-05,0.00044539,0.00188605,0.000281857,0.000281857,0.0219462,0.0219462,0.0273871,0.0273871,0.0107188,0.00623168,0.000135478,0.113532,0.113532,0.222843,0.222843,0.0120501,0.00091466,0.00091466,0.0511705,0.0511705,0.003598265,0.003598265,0.04256335,0.04256335,,,
0.792,2.56E-07,1.43E-05,4.47E-05,0.000452931,0.00191027,0.000283928,0.000283928,0.02209135,0.02209135,0.02745705,0.02745705,0.0107918,0.00630281,0.0001372,0.113385,0.113385,0.2223445,0.2223445,0.0120217,0.00091944,0.00091944,0.051385,0.051385,0.003594355,0.003594355,0.0427015,0.0427015,,,
0.796,2.63E-07,1.46E-05,4.57E-05,0.000460544,0.00193462,0.000285996,0.000285996,0.0222362,0.0222362,0.0275265,0.0275265,0.0108647,0.00637422,0.00013893,0.113237,0.113237,0.2218485,0.2218485,0.0119935,0.000924205,0.000924205,0.0515985,0.0515985,0.003590475,0.003590475,0.04283875,0.04283875,,,
0.8,2.71E-07,1.50E-05,4.66E-05,0.000468228,0.00195911,0.000288061,0.000288061,0.0223807,0.0223807,0.0275954,0.0275954,0.0109376,0.0064459,0.000140669,0.113089,0.113089,0.221355,0.221355,0.0119654,0.00092896,0.00092896,0.0518115,0.0518115,0.00358662,0.00358662,0.0429751,0.0429751,,,
