Time,AI,AF,AD,AL,AA,BD,BC,AM,AN,AY,AZ,AC,AK,AH,AT,AS,AR,AQ,AG,BB,BA,AO,AP,AV,AU,AX,AW,a
0,0,0,0,0,0,0,0,0,0,0,0,0,0,0,0,0,0.5,0.5,0,0,0,0,0,0,0,0,0,
0.005,4.51E-25,-1.50E-22,2.44E-19,8.61E-16,6.78E-13,2.18E-11,2.18E-11,4.30E-08,4.30E-08,9.24E-06,9.24E-06,2.55E-08,8.79E-11,3.51E-14,4.47E-03,4.47E-03,4.94E-01,4.94E-01,0.00199205,2.67177E-08,2.67177E-08,3.93508E-05,3.93508E-05,0.000957615,0.000957615,9.3714E-06,9.3714E-06,
0.01,9.01E-23,2.36E-19,7.46E-17,6.53E-14,2.17E-11,3.36E-10,3.36E-10,3.42E-07,3.42E-07,3.63E-05,3.63E-05,2.00E-07,1.38E-09,1.13E-12,8.79E-03,8.79E-03,4.87E-01,4.87E-01,0.00380528,1.9669E-07,1.9669E-07,0.00014837,0.00014837,0.001761355,0.001761355,3.72761E-05,3.72761E-05,
0.015,4.30E-21,6.55E-18,1.29E-15,7.30E-13,1.60E-10,1.64E-09,1.64E-09,1.15E-06,1.15E-06,8.01E-05,8.01E-05,6.63E-07,6.88E-09,8.34E-12,1.30E-02,1.30E-02,4.81E-01,4.81E-01,0.00545458,6.11625E-07,6.11625E-07,0.000315117,0.000315117,0.00243466,0.00243466,8.33375E-05,8.33375E-05,
0.02,5.83E-20,6.51E-17,9.45E-15,3.99E-12,6.52E-10,5.00E-09,5.00E-09,2.69E-06,2.69E-06,1.40E-04,1.40E-04,1.54E-06,2.14E-08,3.42E-11,1.70E-02,1.70E-02,4.76E-01,4.76E-01,0.0069536,1.33753E-06,1.33753E-06,0.00052953,0.00052953,0.00299745,0.00299745,0.000147111,0.000147111,
0.025,4.27E-19,3.80E-16,4.39E-14,1.48E-11,1.93E-09,1.18E-08,1.18E-08,5.21E-06,5.21E-06,2.14E-04,2.14E-04,2.96E-06,5.13E-08,1.02E-10,2.09E-02,2.09E-02,4.70E-01,4.70E-01,0.00831486,2.4133E-06,2.4133E-06,0.00078314,0.00078314,0.00346662,0.00346662,0.000228099,0.000228099,
0.03,2.15E-18,1.60E-15,1.53E-13,4.28E-11,4.64E-09,2.35E-08,2.35E-08,8.91E-06,8.91E-06,3.03E-04,3.03E-04,5.01E-06,1.05E-07,2.46E-10,2.46E-02,2.46E-02,4.65E-01,4.65E-01,0.00954986,3.85755E-06,3.85755E-06,0.00106883,0.00106883,0.00385653,0.00385653,0.000325764,0.000325764,
0.035,8.34E-18,5.34E-15,4.38E-13,1.05E-10,9.72E-09,4.20E-08,4.20E-08,1.40E-05,1.40E-05,4.05E-04,4.05E-04,7.82E-06,1.90E-07,5.18E-10,2.83E-02,2.83E-02,4.60E-01,4.60E-01,0.0106691,5.67395E-06,5.67395E-06,0.001380615,0.001380615,0.004179355,0.004179355,0.00043954,0.00043954,
0.04,2.69E-17,1.52E-14,1.08E-12,2.27E-10,1.84E-08,6.92E-08,6.92E-08,2.07E-05,2.07E-05,5.19E-04,5.19E-04,1.15E-05,3.19E-07,9.83E-10,3.18E-02,3.18E-02,4.55E-01,4.55E-01,0.0116823,7.85545E-06,7.85545E-06,0.00171348,0.00171348,0.004445445,0.004445445,0.00056884,0.00056884,
0.045,7.53E-17,3.79E-14,2.40E-12,4.46E-10,3.20E-08,1.07E-07,1.07E-07,2.91E-05,2.91E-05,6.45E-04,6.45E-04,1.60E-05,5.03E-07,1.72E-09,3.52E-02,3.52E-02,4.50E-01,4.50E-01,0.0125983,1.03876E-05,1.03876E-05,0.00206323,0.00206323,0.00466357,0.00466357,0.00071306,0.00071306,
0.05,1.88E-16,8.57E-14,4.88E-12,8.14E-10,5.25E-08,1.57E-07,1.57E-07,3.94E-05,3.94E-05,7.82E-04,7.82E-04,2.16E-05,7.54E-07,2.84E-09,3.85E-02,3.85E-02,4.46E-01,4.46E-01,0.0134252,1.3251E-05,1.3251E-05,0.002426355,0.002426355,0.00484118,0.00484118,0.0008716,0.0008716,
0.055,4.31E-16,1.79E-13,9.25E-12,1.40E-09,8.19E-08,2.22E-07,2.22E-07,5.18E-05,5.18E-05,9.29E-04,9.29E-04,2.82E-05,1.09E-06,4.46E-09,4.16E-02,4.16E-02,4.41E-01,4.41E-01,0.0141705,1.64231E-05,1.64231E-05,0.00279993,0.00279993,0.00498459,0.00498459,0.00104385,0.00104385,
0.06,9.13E-16,3.50E-13,1.65E-11,2.29E-09,1.23E-07,3.03E-07,3.03E-07,6.63E-05,6.63E-05,1.09E-03,1.09E-03,3.60E-05,1.51E-06,6.71E-09,4.47E-02,4.47E-02,4.37E-01,4.37E-01,0.0148411,1.98801E-05,1.98801E-05,0.003181525,0.003181525,0.00509915,0.00509915,0.00122921,0.00122921,
0.065,1.82E-15,6.46E-13,2.81E-11,3.59E-09,1.77E-07,4.02E-07,4.02E-07,8.32E-05,8.32E-05,1.25E-03,1.25E-03,4.49E-05,2.05E-06,9.75E-09,4.76E-02,4.76E-02,4.33E-01,4.33E-01,0.0154432,2.35974E-05,2.35974E-05,0.00356911,0.00356911,0.00518945,0.00518945,0.00142707,0.00142707,
0.07,3.43E-15,1.14E-12,4.59E-11,5.44E-09,2.49E-07,5.22E-07,5.22E-07,1.02E-04,1.02E-04,1.43E-03,1.43E-03,5.51E-05,2.71E-06,1.38E-08,5.05E-02,5.05E-02,4.29E-01,4.29E-01,0.0159827,0.000027551,0.000027551,0.00396103,0.00396103,0.00525925,0.00525925,0.00163685,0.00163685,
0.075,6.19E-15,1.92E-12,7.24E-11,7.98E-09,3.40E-07,6.64E-07,6.64E-07,1.24E-04,1.24E-04,1.61E-03,1.61E-03,6.66E-05,3.52E-06,1.89E-08,5.32E-02,5.32E-02,4.25E-01,4.25E-01,0.0164649,3.17176E-05,3.17176E-05,0.0043559,0.0043559,0.0053119,0.0053119,0.001857965,0.001857965,
0.08,1.07E-14,3.14E-12,1.11E-10,1.14E-08,4.55E-07,8.29E-07,8.29E-07,1.49E-04,1.49E-04,1.80E-03,1.80E-03,7.94E-05,4.48E-06,2.55E-08,5.59E-02,5.59E-02,4.21E-01,4.21E-01,0.0168946,3.60751E-05,3.60751E-05,0.004752605,0.004752605,0.00535015,0.00535015,0.002089845,0.002089845,
0.085,1.79E-14,4.97E-12,1.64E-10,1.59E-08,5.97E-07,1.02E-06,1.02E-06,1.76E-04,1.76E-04,1.99E-03,1.99E-03,9.36E-05,5.61E-06,3.36E-08,5.85E-02,5.85E-02,4.18E-01,4.18E-01,0.0172762,4.0603E-05,4.0603E-05,0.0051502,0.0051502,0.0053763,0.0053763,0.002331945,0.002331945,
0.09,2.91E-14,7.65E-12,2.38E-10,2.18E-08,7.71E-07,1.24E-06,1.24E-06,2.06E-04,2.06E-04,2.20E-03,2.20E-03,0.000109165,6.94E-06,4.36E-08,6.10E-02,6.10E-02,4.14E-01,4.14E-01,0.0176139,4.52822E-05,4.52822E-05,0.005548,0.005548,0.0053924,0.0053924,0.00258372,0.00258372,
0.095,4.59E-14,1.15E-11,3.38E-10,2.93E-08,9.79E-07,1.48E-06,1.48E-06,2.38E-04,2.38E-04,2.41E-03,2.41E-03,0.00012616,8.48E-06,5.57E-08,6.34E-02,6.34E-02,4.11E-01,4.11E-01,0.0179116,5.00955E-05,5.00955E-05,0.00594535,0.00594535,0.00540005,0.00540005,0.002844645,0.002844645,
0.1,7.05E-14,1.69E-11,4.71E-10,3.87E-08,1.23E-06,1.76E-06,1.76E-06,2.74E-04,2.74E-04,2.62E-03,2.62E-03,0.000144602,1.02E-05,7.01E-08,6.57E-02,6.57E-02,4.07E-01,4.07E-01,0.0181725,0.000055027,0.000055027,0.0063418,0.0063418,0.00540075,0.00540075,0.003114215,0.003114215,
0.105,1.06E-13,2.43E-11,6.45E-10,5.04E-08,1.52E-06,2.07E-06,2.07E-06,3.12E-04,3.12E-04,2.84E-03,2.84E-03,0.00016451,1.22E-05,8.73E-08,6.80E-02,6.80E-02,4.04E-01,4.04E-01,0.0183999,0.000060063,0.000060063,0.006737,0.006737,0.00539565,0.00539565,0.00339194,0.00339194,
0.11,1.56E-13,3.43E-11,8.69E-10,6.47E-08,1.86E-06,2.40E-06,2.40E-06,3.54E-04,3.54E-04,3.06E-03,3.06E-03,0.0001859,1.45E-05,1.07E-07,7.01E-02,7.01E-02,4.01E-01,4.01E-01,0.0185967,0.000065191,0.000065191,0.0071306,0.0071306,0.0053858,0.0053858,0.00367734,0.00367734,
0.115,2.26E-13,4.77E-11,1.15E-09,8.20E-08,2.25E-06,2.78E-06,2.78E-06,3.98E-04,3.98E-04,3.29E-03,3.29E-03,0.000208784,1.71E-05,1.31E-07,7.22E-02,7.22E-02,3.98E-01,3.98E-01,0.0187657,7.03995E-05,7.03995E-05,0.00752245,0.00752245,0.005372,0.005372,0.00396996,0.00396996,
0.12,3.22E-13,6.54E-11,1.51E-09,1.03E-07,2.70E-06,3.18E-06,3.18E-06,4.46E-04,4.46E-04,3.52E-03,3.52E-03,0.000233174,1.99E-05,1.58E-07,7.42E-02,7.42E-02,3.95E-01,3.95E-01,0.0189091,0.000075679,0.000075679,0.0079124,0.0079124,0.00535505,0.00535505,0.004269355,0.004269355,
0.125,4.50E-13,8.83E-11,1.96E-09,1.28E-07,3.21E-06,3.62E-06,3.62E-06,4.96E-04,4.96E-04,3.76E-03,3.76E-03,0.000259075,2.31E-05,1.89E-07,7.62E-02,7.62E-02,3.92E-01,3.92E-01,0.0190294,8.10205E-05,8.10205E-05,0.00830025,0.00830025,0.0053355,0.0053355,0.0045751,0.0045751,
0.13,6.21E-13,1.18E-10,2.50E-09,1.57E-07,3.80E-06,4.10E-06,4.10E-06,5.50E-04,5.50E-04,4.00E-03,4.00E-03,0.00028649,2.66E-05,2.24E-07,7.81E-02,7.81E-02,3.89E-01,3.89E-01,0.0191285,8.64175E-05,8.64175E-05,0.00868605,0.00868605,0.0053139,0.0053139,0.004886785,0.004886785,
0.135,8.46E-13,1.55E-10,3.17E-09,1.91E-07,4.45E-06,4.61E-06,4.61E-06,6.06E-04,6.06E-04,4.24E-03,4.24E-03,0.000315423,3.04E-05,2.64E-07,7.99E-02,7.99E-02,3.86E-01,3.86E-01,0.0192084,0.000091863,0.000091863,0.0090697,0.0090697,0.00529065,0.00529065,0.005204,0.005204,
0.14,1.14E-12,2.03E-10,3.98E-09,2.31E-07,5.18E-06,5.16E-06,5.16E-06,6.66E-04,6.66E-04,4.48E-03,4.48E-03,0.000345871,3.46E-05,3.09E-07,8.17E-02,8.17E-02,3.83E-01,3.83E-01,0.0192708,0.000097352,0.000097352,0.00945115,0.00945115,0.0052661,0.0052661,0.0055264,0.0055264,
0.145,1.52E-12,2.61E-10,4.96E-09,2.78E-07,5.99E-06,5.75E-06,5.75E-06,7.28E-04,7.28E-04,4.73E-03,4.73E-03,0.000377832,3.92E-05,3.59E-07,8.34E-02,8.34E-02,3.80E-01,3.80E-01,0.0193173,0.000102879,0.000102879,0.0098305,0.0098305,0.0052406,0.0052406,0.0058536,0.0058536,
0.15,1.99E-12,3.34E-10,6.12E-09,3.31E-07,6.90E-06,6.37E-06,6.37E-06,7.94E-04,7.94E-04,4.98E-03,4.98E-03,0.000411301,4.42E-05,4.15E-07,8.50E-02,8.50E-02,3.78E-01,3.78E-01,0.0193493,0.000108441,0.000108441,0.0102077,0.0102077,0.0052144,0.0052144,0.00618525,0.00618525,
0.155,2.60E-12,4.24E-10,7.49E-09,3.92E-07,7.89E-06,7.03E-06,7.03E-06,8.63E-04,8.63E-04,5.23E-03,5.23E-03,0.00044627,4.96E-05,4.77E-07,8.66E-02,8.66E-02,3.75E-01,3.75E-01,0.0193683,0.000114035,0.000114035,0.01058285,0.01058285,0.0051877,0.0051877,0.006521,0.006521,
0.16,3.36E-12,5.33E-10,9.11E-09,4.61E-07,8.99E-06,7.73E-06,7.73E-06,9.35E-04,9.35E-04,5.48E-03,5.48E-03,0.000482732,5.55E-05,5.46E-07,8.81E-02,8.81E-02,3.72E-01,3.72E-01,0.0193754,0.000119657,0.000119657,0.010956,0.010956,0.00516065,0.00516065,0.0068605,0.0068605,
0.165,4.29E-12,6.64E-10,1.10E-08,5.39E-07,1.02E-05,8.47E-06,8.47E-06,1.01E-03,1.01E-03,5.74E-03,5.74E-03,0.000520675,6.18E-05,6.21E-07,8.96E-02,8.96E-02,3.70E-01,3.70E-01,0.0193717,0.000125305,0.000125305,0.01132715,0.01132715,0.00513345,0.00513345,0.00720355,0.00720355,
0.17,5.45E-12,8.23E-10,1.32E-08,6.28E-07,1.15E-05,9.25E-06,9.25E-06,1.09E-03,1.09E-03,5.99E-03,5.99E-03,0.000560088,6.86E-05,7.04E-07,9.10E-02,9.10E-02,3.67E-01,3.67E-01,0.0193583,0.000130978,0.000130978,0.0116964,0.0116964,0.00510615,0.00510615,0.00754975,0.00754975,
0.175,6.87E-12,1.01E-09,1.57E-08,7.27E-07,1.29E-05,1.01E-05,1.01E-05,1.17E-03,1.17E-03,6.25E-03,6.25E-03,0.000600957,7.58E-05,7.95E-07,9.24E-02,9.24E-02,3.65E-01,3.65E-01,0.0193362,0.000136674,0.000136674,0.01206385,0.01206385,0.00507895,0.00507895,0.00789885,0.00789885,
0.18,8.59E-12,1.24E-09,1.87E-08,8.37E-07,1.45E-05,1.09E-05,1.09E-05,1.25E-03,1.25E-03,6.50E-03,6.50E-03,0.000643269,8.35E-05,8.93E-07,9.37E-02,9.37E-02,3.63E-01,3.63E-01,0.0193062,0.000142392,0.000142392,0.0124295,0.0124295,0.00505185,0.00505185,0.0082506,0.0082506,
0.185,1.07E-11,1.50E-09,2.20E-08,9.60E-07,1.61E-05,1.18E-05,1.18E-05,1.34E-03,1.34E-03,6.76E-03,6.76E-03,0.000687007,9.18E-05,1.00E-06,9.50E-02,9.50E-02,3.60E-01,3.60E-01,0.0192691,0.000148131,0.000148131,0.0127935,0.0127935,0.0050249,0.0050249,0.0086047,0.0086047,
0.19,1.32E-11,1.81E-09,2.59E-08,1.10E-06,1.79E-05,1.28E-05,1.28E-05,1.43E-03,1.43E-03,7.02E-03,7.02E-03,0.000732155,0.000100579,1.12E-06,9.62E-02,9.62E-02,3.58E-01,3.58E-01,0.0192256,0.00015389,0.00015389,0.01315585,0.01315585,0.004998255,0.004998255,0.0089609,0.0089609,
0.195,1.62E-11,2.18E-09,3.02E-08,1.25E-06,1.98E-05,1.37E-05,1.37E-05,1.52E-03,1.52E-03,7.28E-03,7.28E-03,0.000778695,0.0001099,1.24E-06,9.74E-02,9.74E-02,3.56E-01,3.56E-01,0.0191764,0.000159669,0.000159669,0.01351665,0.01351665,0.00497188,0.00497188,0.009319,0.009319,
0.2,1.97E-11,2.60E-09,3.52E-08,1.41E-06,2.19E-05,1.47E-05,1.47E-05,1.62E-03,1.62E-03,7.53E-03,7.53E-03,0.000826609,0.000119774,1.38E-06,9.85E-02,9.85E-02,3.54E-01,3.54E-01,0.019122,0.000165468,0.000165468,0.013876,0.013876,0.004945835,0.004945835,0.00967875,0.00967875,
0.205,2.39E-11,3.09E-09,4.07E-08,1.60E-06,2.41E-05,1.58E-05,1.58E-05,1.71E-03,1.71E-03,7.79E-03,7.79E-03,0.000875877,0.000130215,1.52E-06,9.96E-02,9.96E-02,3.51E-01,3.51E-01,0.0190632,0.000171286,0.000171286,0.01423395,0.01423395,0.00492014,0.00492014,0.01003995,0.01003995,
0.21,2.88E-11,3.66E-09,4.70E-08,1.80E-06,2.65E-05,1.69E-05,1.69E-05,1.82E-03,1.82E-03,8.05E-03,8.05E-03,0.00092648,0.000141236,1.68E-06,1.01E-01,1.01E-01,3.49E-01,3.49E-01,0.0190003,0.000177123,0.000177123,0.01459055,0.01459055,0.00489482,0.00489482,0.0104024,0.0104024,
0.215,3.46E-11,4.32E-09,5.40E-08,2.02E-06,2.90E-05,1.80E-05,1.80E-05,1.92E-03,1.92E-03,8.31E-03,8.31E-03,0.000978396,0.00015285,1.84E-06,1.02E-01,1.02E-01,3.47E-01,3.47E-01,0.0189338,0.00018298,0.00018298,0.01494585,0.01494585,0.004869895,0.004869895,0.01076585,0.01076585,
0.22,4.13E-11,5.06E-09,6.18E-08,2.25E-06,3.17E-05,1.92E-05,1.92E-05,2.03E-03,2.03E-03,8.56E-03,8.56E-03,0.0010316,0.000165067,2.02E-06,1.03E-01,1.03E-01,3.45E-01,3.45E-01,0.0188642,0.000188856,0.000188856,0.0153,0.0153,0.004845365,0.004845365,0.0111302,0.0111302,
0.225,4.91E-11,5.92E-09,7.05E-08,2.51E-06,3.45E-05,2.04E-05,2.04E-05,2.13E-03,2.13E-03,8.82E-03,8.82E-03,0.00108608,0.000177901,2.21E-06,1.04E-01,1.04E-01,3.43E-01,3.43E-01,0.0187919,0.000194751,0.000194751,0.01565295,0.01565295,0.004821245,0.004821245,0.01149515,0.01149515,
0.23,5.82E-11,6.89E-09,8.02E-08,2.79E-06,3.75E-05,2.16E-05,2.16E-05,2.25E-03,2.25E-03,9.08E-03,9.08E-03,0.00114181,0.000191362,2.41E-06,1.05E-01,1.05E-01,3.41E-01,3.41E-01,0.0187171,0.000200665,0.000200665,0.0160048,0.0160048,0.00479754,0.00479754,0.01186065,0.01186065,
0.235,6.86E-11,7.98E-09,9.09E-08,3.10E-06,4.07E-05,2.29E-05,2.29E-05,2.36E-03,2.36E-03,9.33E-03,9.33E-03,0.00119876,0.000205461,2.62E-06,1.05E-01,1.05E-01,3.39E-01,3.39E-01,0.0186402,0.000206599,0.000206599,0.01635565,0.01635565,0.004774245,0.004774245,0.01222645,0.01222645,
0.24,8.06E-11,9.23E-09,1.03E-07,3.42E-06,4.40E-05,2.42E-05,2.42E-05,2.48E-03,2.48E-03,9.58E-03,9.58E-03,0.00125692,0.00022021,2.85E-06,1.06E-01,1.06E-01,3.37E-01,3.37E-01,0.0185615,0.000212553,0.000212553,0.0167055,0.0167055,0.00475137,0.00475137,0.0125924,0.0125924,
0.245,9.43E-11,1.06E-08,1.16E-07,3.78E-06,4.75E-05,2.56E-05,2.56E-05,2.60E-03,2.60E-03,9.84E-03,9.84E-03,0.00131626,0.000235617,3.08E-06,1.07E-01,1.07E-01,3.35E-01,3.35E-01,0.0184813,0.000218526,0.000218526,0.0170544,0.0170544,0.004728905,0.004728905,0.0129584,0.0129584,
0.25,1.10E-10,1.22E-08,1.30E-07,4.16E-06,5.12E-05,2.70E-05,2.70E-05,2.72E-03,2.72E-03,1.01E-02,1.01E-02,0.00137675,0.000251693,3.33E-06,1.08E-01,1.08E-01,3.34E-01,3.34E-01,0.0183998,0.000224519,0.000224519,0.01740245,0.01740245,0.004706855,0.004706855,0.0133243,0.0133243,
0.255,1.28E-10,1.40E-08,1.46E-07,4.56E-06,5.51E-05,2.84E-05,2.84E-05,2.84E-03,2.84E-03,1.03E-02,1.03E-02,0.00143837,0.000268447,3.60E-06,1.09E-01,1.09E-01,3.32E-01,3.32E-01,0.0183173,0.000230532,0.000230532,0.0177496,0.0177496,0.004685205,0.004685205,0.01368995,0.01368995,
0.26,1.48E-10,1.59E-08,1.63E-07,5.00E-06,5.92E-05,2.98E-05,2.98E-05,2.97E-03,2.97E-03,1.06E-02,1.06E-02,0.00150111,0.000285888,3.88E-06,1.09E-01,1.09E-01,3.30E-01,3.30E-01,0.0182338,0.000236565,0.000236565,0.01809595,0.01809595,0.00466396,0.00466396,0.0140552,0.0140552,
0.265,1.71E-10,1.81E-08,1.82E-07,5.46E-06,6.35E-05,3.13E-05,3.13E-05,3.10E-03,3.10E-03,1.08E-02,1.08E-02,0.00156493,0.000304025,4.17E-06,1.10E-01,1.10E-01,3.28E-01,3.28E-01,0.0181497,0.000242618,0.000242618,0.01844155,0.01844155,0.004643105,0.004643105,0.01441995,0.01441995,
0.27,1.96E-10,2.06E-08,2.02E-07,5.96E-06,6.80E-05,3.29E-05,3.29E-05,3.23E-03,3.23E-03,1.11E-02,1.11E-02,0.00162981,0.000322865,4.48E-06,1.11E-01,1.11E-01,3.27E-01,3.27E-01,0.0180651,0.000248691,0.000248691,0.0187864,0.0187864,0.00462264,0.00462264,0.0147841,0.0147841,
0.275,2.25E-10,2.33E-08,2.24E-07,6.49E-06,7.27E-05,3.44E-05,3.44E-05,3.36E-03,3.36E-03,1.13E-02,1.13E-02,0.00169573,0.000342416,4.80E-06,1.11E-01,1.11E-01,3.25E-01,3.25E-01,0.01798,0.000254784,0.000254784,0.0191306,0.0191306,0.00460256,0.00460256,0.01514755,0.01514755,
0.28,2.57E-10,2.62E-08,2.48E-07,7.06E-06,7.76E-05,3.60E-05,3.60E-05,3.50E-03,3.50E-03,1.16E-02,1.16E-02,0.00176266,0.000362685,5.14E-06,1.12E-01,1.12E-01,3.23E-01,3.23E-01,0.0178948,0.000260897,0.000260897,0.01947405,0.01947405,0.00458285,0.00458285,0.01551015,0.01551015,
0.285,2.93E-10,2.96E-08,2.74E-07,7.65E-06,8.27E-05,3.76E-05,3.76E-05,3.64E-03,3.64E-03,1.18E-02,1.18E-02,0.00183058,0.000383681,5.49E-06,1.12E-01,1.12E-01,3.21E-01,3.21E-01,0.0178094,0.00026703,0.00026703,0.0198169,0.0198169,0.00456351,0.00456351,0.01587185,0.01587185,
0.29,3.34E-10,3.32E-08,3.02E-07,8.29E-06,8.80E-05,3.93E-05,3.93E-05,3.78E-03,3.78E-03,1.21E-02,1.21E-02,0.00189947,0.000405408,5.86E-06,1.13E-01,1.13E-01,3.20E-01,3.20E-01,0.017724,0.000273183,0.000273183,0.02015915,0.02015915,0.004544525,0.004544525,0.0162325,0.0162325,
0.295,3.79E-10,3.72E-08,3.32E-07,8.96E-06,9.35E-05,4.10E-05,4.10E-05,3.92E-03,3.92E-03,1.23E-02,1.23E-02,0.0019693,0.000427873,6.24E-06,1.14E-01,1.14E-01,3.18E-01,3.18E-01,0.0176387,0.000279356,0.000279356,0.02050075,0.02050075,0.004525895,0.004525895,0.01659205,0.01659205,
0.3,4.28E-10,4.16E-08,3.65E-07,9.68E-06,9.93E-05,4.27E-05,4.27E-05,4.06E-03,4.06E-03,1.25E-02,1.25E-02,0.00204005,0.000451083,6.64E-06,1.14E-01,1.14E-01,3.17E-01,3.17E-01,0.0175536,0.000285549,0.000285549,0.02084185,0.02084185,0.00450761,0.00450761,0.0169504,0.0169504,
0.305,4.84E-10,4.64E-08,4.00E-07,1.04E-05,0.000105282,4.4454E-05,4.4454E-05,0.004207775,0.004207775,0.01276625,0.01276625,0.00211169,0.000475042,7.06E-06,1.15E-01,1.15E-01,3.15E-01,3.15E-01,0.0174687,0.000291761,0.000291761,0.02118235,0.02118235,0.00448966,0.00448966,0.0173075,0.0173075,
0.31,5.45E-10,5.17E-08,4.38E-07,1.12E-05,0.000111485,4.62346E-05,4.62346E-05,0.004355635,0.004355635,0.01300015,0.01300015,0.00218421,0.000499755,7.50E-06,1.15E-01,1.15E-01,3.14E-01,3.14E-01,0.0173842,0.000297993,0.000297993,0.0215223,0.0215223,0.00447204,0.00447204,0.0176633,0.0176633,
0.315,6.12E-10,5.74E-08,4.78E-07,1.21E-05,0.000117916,4.80445E-05,4.80445E-05,0.00450537,0.00450537,0.01323225,0.01323225,0.00225758,0.000525228,7.95E-06,1.15E-01,1.15E-01,3.12E-01,3.12E-01,0.0173001,0.000304243,0.000304243,0.02186175,0.02186175,0.004454745,0.004454745,0.01801765,0.01801765,
0.32,6.86E-10,6.37E-08,5.22E-07,1.29E-05,0.000124578,4.98833E-05,4.98833E-05,0.00465694,0.00465694,0.01346255,0.01346255,0.00233177,0.000551464,8.41E-06,1.16E-01,1.16E-01,3.11E-01,3.11E-01,0.0172164,0.000310513,0.000310513,0.0222007,0.0222007,0.00443776,0.00443776,0.0183705,0.0183705,
0.325,7.68E-10,7.05E-08,5.68E-07,1.39E-05,0.000131474,5.17505E-05,5.17505E-05,0.004810295,0.004810295,0.01369105,0.01369105,0.00240676,0.000578469,8.90E-06,1.16E-01,1.16E-01,3.09E-01,3.09E-01,0.0171331,0.000316801,0.000316801,0.02253915,0.02253915,0.00442108,0.00442108,0.01872185,0.01872185,
0.33,8.58E-10,7.79E-08,6.17E-07,1.48E-05,0.000138606,0.000053645,0.000053645,0.00496539,0.00496539,0.01391765,0.01391765,0.00248254,0.000606244,9.40E-06,1.17E-01,1.17E-01,3.08E-01,3.08E-01,0.0170505,0.000323108,0.000323108,0.0228771,0.0228771,0.004404705,0.004404705,0.0190716,0.0190716,
0.335,9.56E-10,8.59E-08,6.70E-07,1.59E-05,0.000145976,0.000055567,0.000055567,0.0051222,0.0051222,0.0141424,0.0141424,0.00255908,0.000634795,9.92E-06,1.17E-01,1.17E-01,3.06E-01,3.06E-01,0.0169684,0.000329432,0.000329432,0.0232146,0.0232146,0.00438862,0.00438862,0.0194197,0.0194197,
0.34,1.06E-09,9.46E-08,7.26E-07,1.69E-05,0.000153587,5.75155E-05,5.75155E-05,0.00528065,0.00528065,0.01436525,0.01436525,0.00263635,0.000664123,1.05E-05,1.17E-01,1.17E-01,3.05E-01,3.05E-01,0.0168869,0.000335774,0.000335774,0.02355165,0.02355165,0.004372825,0.004372825,0.0197661,0.0197661,
0.345,1.18E-09,1.04E-07,7.86E-07,1.81E-05,0.000161441,0.00005949,0.00005949,0.0054407,0.0054407,0.0145862,0.0145862,0.00271434,0.000694231,1.10E-05,1.18E-01,1.18E-01,3.03E-01,3.03E-01,0.016806,0.000342134,0.000342134,0.0238882,0.0238882,0.004357305,0.004357305,0.02011075,0.02011075,
0.35,1.31E-09,1.14E-07,8.49E-07,1.92E-05,0.00016954,6.14895E-05,6.14895E-05,0.0056023,0.0056023,0.0148052,0.0148052,0.00279302,0.000725123,1.16E-05,1.18E-01,1.18E-01,3.02E-01,3.02E-01,0.0167259,0.00034851,0.00034851,0.02422435,0.02422435,0.00434206,0.00434206,0.0204536,0.0204536,
0.355,1.45E-09,1.25E-07,9.17E-07,2.05E-05,0.000177886,6.35145E-05,6.35145E-05,0.00576545,0.00576545,0.01502225,0.01502225,0.00287237,0.0007568,1.22E-05,1.18E-01,1.18E-01,3.01E-01,3.01E-01,0.0166464,0.000354903,0.000354903,0.02456,0.02456,0.00432708,0.00432708,0.0207946,0.0207946,
0.36,1.60E-09,1.37E-07,9.88E-07,2.18E-05,0.000186481,6.55635E-05,6.55635E-05,0.00593005,0.00593005,0.0152374,0.0152374,0.00295238,0.000789263,1.28E-05,1.18E-01,1.18E-01,2.99E-01,2.99E-01,0.0165676,0.000361312,0.000361312,0.0248952,0.0248952,0.00431236,0.00431236,0.02113375,0.02113375,
0.365,1.76E-09,1.49E-07,1.06E-06,2.31E-05,0.000195327,6.76365E-05,6.76365E-05,0.0060961,0.0060961,0.0154506,0.0154506,0.00303302,0.000822515,1.34E-05,1.19E-01,1.19E-01,2.98E-01,2.98E-01,0.0164895,0.000367736,0.000367736,0.02523,0.02523,0.004297895,0.004297895,0.02147095,0.02147095,
0.37,1.94E-09,1.63E-07,1.14E-06,2.45E-05,0.000204426,6.97325E-05,6.97325E-05,0.00626355,0.00626355,0.0156618,0.0156618,0.00311427,0.000856557,1.41E-05,1.19E-01,1.19E-01,2.97E-01,2.97E-01,0.0164121,0.000374176,0.000374176,0.0255643,0.0255643,0.00428368,0.00428368,0.02180625,0.02180625,
0.375,2.13E-09,1.78E-07,1.23E-06,2.60E-05,0.000213778,7.18515E-05,7.18515E-05,0.0064323,0.0064323,0.01587105,0.01587105,0.00319611,0.000891389,1.47E-05,1.19E-01,1.19E-01,2.95E-01,2.95E-01,0.0163355,0.00038063,0.00038063,0.0258982,0.0258982,0.004269705,0.004269705,0.02213955,0.02213955,
0.38,2.34E-09,1.93E-07,1.32E-06,2.75E-05,0.000223386,7.39925E-05,7.39925E-05,0.0066024,0.0066024,0.01607835,0.01607835,0.00327853,0.000927012,1.54E-05,1.19E-01,1.19E-01,2.94E-01,2.94E-01,0.0162597,0.000387099,0.000387099,0.02623165,0.02623165,0.004255965,0.004255965,0.02247085,0.02247085,
0.385,2.56E-09,2.10E-07,1.41E-06,2.91E-05,0.000233252,0.000076155,0.000076155,0.00677375,0.00677375,0.01628365,0.01628365,0.00336149,0.000963428,1.61E-05,1.20E-01,1.20E-01,2.93E-01,2.93E-01,0.0161846,0.000393582,0.000393582,0.0265646,0.0265646,0.00424246,0.00424246,0.02280015,0.02280015,
0.39,2.81E-09,2.28E-07,1.51E-06,3.07E-05,0.000243376,7.83385E-05,7.83385E-05,0.00694635,0.00694635,0.016487,0.016487,0.003445,0.00100063,1.69E-05,1.20E-01,1.20E-01,2.92E-01,2.92E-01,0.0161102,0.000400077,0.000400077,0.02689715,0.02689715,0.004229175,0.004229175,0.02312735,0.02312735,
0.395,3.07E-09,2.47E-07,1.62E-06,3.24E-05,0.00025376,8.05425E-05,8.05425E-05,0.0071201,0.0071201,0.01668835,0.01668835,0.00352901,0.00103863,1.76E-05,1.20E-01,1.20E-01,2.90E-01,2.90E-01,0.0160366,0.000406586,0.000406586,0.02722925,0.02722925,0.004216115,0.004216115,0.0234525,0.0234525,
0.4,3.35E-09,2.67E-07,1.73E-06,3.42E-05,0.000264405,8.27665E-05,8.27665E-05,0.007295,0.007295,0.01688775,0.01688775,0.00361353,0.00107742,1.84E-05,1.20E-01,1.20E-01,2.89E-01,2.89E-01,0.0159638,0.000413106,0.000413106,0.02756085,0.02756085,0.00420327,0.00420327,0.02377555,0.02377555,
0.405,3.65E-09,2.89E-07,1.84E-06,3.60E-05,0.000275312,8.50095E-05,8.50095E-05,0.00747105,0.00747105,0.0170852,0.0170852,0.00369852,0.00111701,1.92E-05,1.20E-01,1.20E-01,2.88E-01,2.88E-01,0.0158917,0.000419638,0.000419638,0.027892,0.027892,0.00419063,0.00419063,0.02409645,0.02409645,
0.41,3.97E-09,3.12E-07,1.96E-06,3.79E-05,0.000286482,0.000087272,0.000087272,0.0076481,0.0076481,0.01728065,0.01728065,0.00378398,0.00115738,2.00E-05,1.20E-01,1.20E-01,2.87E-01,2.87E-01,0.0158204,0.000426182,0.000426182,0.0282227,0.0282227,0.0041782,0.0041782,0.02441525,0.02441525,
0.415,4.31E-09,3.37E-07,2.09E-06,3.99E-05,0.000297917,8.95525E-05,8.95525E-05,0.00782625,0.00782625,0.01747415,0.01747415,0.00386988,0.00119854,2.08E-05,1.21E-01,1.21E-01,2.86E-01,2.86E-01,0.0157499,0.000432736,0.000432736,0.0285529,0.0285529,0.00416597,0.00416597,0.0247319,0.0247319,
0.42,4.68E-09,3.63E-07,2.22E-06,4.19E-05,0.000309617,0.000091851,0.000091851,0.0080053,0.0080053,0.01766575,0.01766575,0.00395622,0.00124049,2.16E-05,1.21E-01,1.21E-01,2.84E-01,2.84E-01,0.01568,0.0004393,0.0004393,0.02888265,0.02888265,0.004153935,0.004153935,0.0250464,0.0250464,
0.425,5.08E-09,3.91E-07,2.36E-06,4.40E-05,0.000321582,9.41665E-05,9.41665E-05,0.00818535,0.00818535,0.01785535,0.01785535,0.00404296,0.00128322,2.25E-05,1.21E-01,1.21E-01,2.83E-01,2.83E-01,0.015611,0.000445873,0.000445873,0.02921185,0.02921185,0.00414209,0.00414209,0.02535875,0.02535875,
0.43,5.50E-09,4.20E-07,2.51E-06,4.62E-05,0.000333815,0.000096499,0.000096499,0.00836635,0.00836635,0.01804305,0.01804305,0.0041301,0.00132674,2.34E-05,1.21E-01,1.21E-01,2.82E-01,2.82E-01,0.0155427,0.000452456,0.000452456,0.0295406,0.0295406,0.004130435,0.004130435,0.0256689,0.0256689,
0.435,5.95E-09,4.52E-07,2.66E-06,4.85E-05,0.000346314,0.000098848,0.000098848,0.0085482,0.0085482,0.0182288,0.0182288,0.00421762,0.00137104,2.43E-05,1.21E-01,1.21E-01,2.81E-01,2.81E-01,0.0154751,0.000459047,0.000459047,0.02986885,0.02986885,0.004118965,0.004118965,0.0259769,0.0259769,
0.44,6.43E-09,4.85E-07,2.83E-06,5.08E-05,0.000359082,0.000101213,0.000101213,0.00873085,0.00873085,0.01841265,0.01841265,0.0043055,0.00141613,2.52E-05,1.21E-01,1.21E-01,2.80E-01,2.80E-01,0.0154082,0.000465645,0.000465645,0.0301966,0.0301966,0.00410767,0.00410767,0.02628265,0.02628265,
0.445,6.94E-09,5.20E-07,2.99E-06,5.32E-05,0.000372118,0.000103593,0.000103593,0.00891435,0.00891435,0.0185946,0.0185946,0.00439374,0.00146199,2.62E-05,1.21E-01,1.21E-01,2.79E-01,2.79E-01,0.0153421,0.000472251,0.000472251,0.0305238,0.0305238,0.00409655,0.00409655,0.02658625,0.02658625,
0.45,7.49E-09,5.57E-07,3.17E-06,5.57E-05,0.000385423,0.000105987,0.000105987,0.0090986,0.0090986,0.01877465,0.01877465,0.0044823,0.00150863,2.71E-05,1.21E-01,1.21E-01,2.78E-01,2.78E-01,0.0152766,0.000478864,0.000478864,0.03085045,0.03085045,0.0040856,0.0040856,0.0268876,0.0268876,
0.455,8.07E-09,5.96E-07,3.35E-06,5.83E-05,0.000398997,0.000108396,0.000108396,0.0092836,0.0092836,0.0189528,0.0189528,0.00457119,0.00155604,2.81E-05,1.21E-01,1.21E-01,2.77E-01,2.77E-01,0.0152119,0.000485482,0.000485482,0.0311766,0.0311766,0.00407482,0.00407482,0.0271868,0.0271868,
0.46,8.68E-09,6.37E-07,3.54E-06,6.09E-05,0.000412841,0.000110819,0.000110819,0.0094693,0.0094693,0.0191291,0.0191291,0.00466039,0.00160423,2.91E-05,1.21E-01,1.21E-01,2.76E-01,2.76E-01,0.0151479,0.000492106,0.000492106,0.03150215,0.03150215,0.0040642,0.0040642,0.02748375,0.02748375,
0.465,9.33E-09,6.80E-07,3.74E-06,6.36E-05,0.000426955,0.000113256,0.000113256,0.0096557,0.0096557,0.0193035,0.0193035,0.00474987,0.00165318,3.01E-05,1.21E-01,1.21E-01,2.75E-01,2.75E-01,0.0150845,0.000498736,0.000498736,0.0318272,0.0318272,0.00405374,0.00405374,0.0277785,0.0277785,
0.47,1.00E-08,7.26E-07,3.95E-06,6.65E-05,0.000441339,0.000115705,0.000115705,0.0098427,0.0098427,0.0194761,0.0194761,0.00483964,0.0017029,3.12E-05,1.21E-01,1.21E-01,2.74E-01,2.74E-01,0.0150219,0.00050537,0.00050537,0.03215165,0.03215165,0.00404344,0.00404344,0.02807105,0.02807105,
0.475,1.08E-08,7.74E-07,4.16E-06,6.93E-05,0.000455993,0.000118167,0.000118167,0.0100303,0.0100303,0.01964685,0.01964685,0.00492967,0.00175338,3.22E-05,1.21E-01,1.21E-01,2.72E-01,2.72E-01,0.0149599,0.000512005,0.000512005,0.03247555,0.03247555,0.004033285,0.004033285,0.0283614,0.0283614,
0.48,1.15E-08,8.25E-07,4.38E-06,7.23E-05,0.000470917,0.000120641,0.000120641,0.0102185,0.0102185,0.0198158,0.0198158,0.00501996,0.00180462,3.33E-05,1.21E-01,1.21E-01,2.71E-01,2.71E-01,0.0148985,0.000518645,0.000518645,0.03279885,0.03279885,0.004023285,0.004023285,0.02864955,0.02864955,
0.485,1.24E-08,8.79E-07,4.62E-06,7.54E-05,0.000486112,0.000123126,0.000123126,0.01040725,0.01040725,0.01998295,0.01998295,0.00511049,0.00185661,3.44E-05,1.21E-01,1.21E-01,2.70E-01,2.70E-01,0.0148378,0.00052529,0.00052529,0.0331215,0.0331215,0.00401343,0.00401343,0.0289355,0.0289355,
0.49,1.32E-08,9.35E-07,4.86E-06,7.85E-05,0.000501577,0.000125622,0.000125622,0.0105965,0.0105965,0.0201483,0.0201483,0.00520124,0.00190935,3.56E-05,1.21E-01,1.21E-01,2.69E-01,2.69E-01,0.0147778,0.000531935,0.000531935,0.0334436,0.0334436,0.004003715,0.004003715,0.02921925,0.02921925,
0.495,1.41E-08,9.94E-07,5.11E-06,8.17E-05,0.000517312,0.00012813,0.00012813,0.0107862,0.0107862,0.02031185,0.02031185,0.00529221,0.00196285,3.67E-05,1.21E-01,1.21E-01,2.68E-01,2.68E-01,0.0147184,0.000538585,0.000538585,0.03376505,0.03376505,0.003994145,0.003994145,0.0295008,0.0295008,
0.5,1.51E-08,1.06E-06,5.37E-06,8.50E-05,0.000533317,0.000130647,0.000130647,0.0109764,0.0109764,0.0204737,0.0204737,0.00538339,0.00201708,3.79E-05,1.21E-01,1.21E-01,2.67E-01,2.67E-01,0.0146596,0.00054523,0.00054523,0.0340859,0.0340859,0.003984705,0.003984705,0.02978015,0.02978015,
0.505,1.61E-08,1.12E-06,5.64E-06,8.84E-05,0.000549592,0.000133174,0.000133174,0.011167,0.011167,0.02063375,0.02063375,0.00547476,0.00207206,3.91E-05,1.21E-01,1.21E-01,2.66E-01,2.66E-01,0.0146014,0.00055188,0.00055188,0.0344061,0.0344061,0.003975405,0.003975405,0.03005735,0.03005735,
0.51,1.72E-08,1.19E-06,5.92E-06,9.19E-05,0.000566137,0.000135711,0.000135711,0.011358,0.011358,0.0207921,0.0207921,0.00556631,0.00212777,4.03E-05,1.21E-01,1.21E-01,2.66E-01,2.66E-01,0.0145438,0.00055853,0.00055853,0.0347256,0.0347256,0.00396623,0.00396623,0.03033235,0.03033235,
0.515,1.83E-08,1.26E-06,6.21E-06,9.55E-05,0.000582951,0.000138257,0.000138257,0.01154935,0.01154935,0.02094875,0.02094875,0.00565804,0.00218422,4.15E-05,1.21E-01,1.21E-01,2.65E-01,2.65E-01,0.0144868,0.00056518,0.00056518,0.0350445,0.0350445,0.003957185,0.003957185,0.0306052,0.0306052,
0.52,1.95E-08,1.33E-06,6.51E-06,9.92E-05,0.000600034,0.000140812,0.000140812,0.01174105,0.01174105,0.0211037,0.0211037,0.00574992,0.00224139,4.27E-05,1.21E-01,1.21E-01,2.64E-01,2.64E-01,0.0144304,0.000571825,0.000571825,0.0353627,0.0353627,0.003948265,0.003948265,0.0308759,0.0308759,
0.525,2.08E-08,1.41E-06,6.82E-06,0.000102944,0.000617385,0.000143374,0.000143374,0.01193305,0.01193305,0.021257,0.021257,0.00584196,0.00229929,4.40E-05,1.21E-01,1.21E-01,2.63E-01,2.63E-01,0.0143746,0.00057847,0.00057847,0.0356802,0.0356802,0.003939465,0.003939465,0.03114445,0.03114445,
0.53,2.21E-08,1.49E-06,7.14E-06,0.000106797,0.000635005,0.000145945,0.000145945,0.01212535,0.01212535,0.0214086,0.0214086,0.00593414,0.0023579,4.53E-05,1.21E-01,1.21E-01,2.62E-01,2.62E-01,0.0143194,0.000585115,0.000585115,0.03599705,0.03599705,0.00393079,0.00393079,0.0314108,0.0314108,
0.535,2.35E-08,1.58E-06,7.48E-06,0.000110744,0.000652892,0.000148523,0.000148523,0.01231795,0.01231795,0.0215586,0.0215586,0.00602645,0.00241723,4.66E-05,1.21E-01,1.21E-01,2.61E-01,2.61E-01,0.0142647,0.000591755,0.000591755,0.03631315,0.03631315,0.003922225,0.003922225,0.0316751,0.0316751,
0.54,2.49E-08,1.67E-06,7.82E-06,0.000114785,0.000671046,0.000151108,0.000151108,0.01251075,0.01251075,0.02170695,0.02170695,0.00611889,0.00247727,4.79E-05,1.21E-01,1.21E-01,2.60E-01,2.60E-01,0.0142105,0.000598395,0.000598395,0.03662855,0.03662855,0.00391378,0.00391378,0.03193725,0.03193725,
0.545,2.64E-08,1.76E-06,8.18E-06,0.000118921,0.000689466,0.0001537,0.0001537,0.01270375,0.01270375,0.0218537,0.0218537,0.00621144,0.00253801,4.92E-05,1.21E-01,1.21E-01,2.59E-01,2.59E-01,0.0141569,0.00060503,0.00060503,0.0369432,0.0369432,0.003905445,0.003905445,0.0321973,0.0321973,
0.55,2.80E-08,1.86E-06,8.54E-06,0.000123153,0.000708153,0.000156299,0.000156299,0.0128969,0.0128969,0.02199885,0.02199885,0.00630409,0.00259945,5.06E-05,1.21E-01,1.21E-01,2.58E-01,2.58E-01,0.0141038,0.00061166,0.00061166,0.0372571,0.0372571,0.00389722,0.00389722,0.0324552,0.0324552,
0.555,2.97E-08,1.96E-06,8.92E-06,0.00012748,0.000727104,0.000158903,0.000158903,0.01309025,0.01309025,0.02214245,0.02214245,0.00639684,0.00266159,5.20E-05,1.21E-01,1.21E-01,2.57E-01,2.57E-01,0.0140512,0.000618285,0.000618285,0.0375703,0.0375703,0.003889105,0.003889105,0.03271105,0.03271105,
0.56,3.14E-08,2.07E-06,9.31E-06,0.000131905,0.00074632,0.000161513,0.000161513,0.01328375,0.01328375,0.02228445,0.02228445,0.00648968,0.00272441,5.34E-05,1.20E-01,1.20E-01,2.56E-01,2.56E-01,0.0139992,0.000624905,0.000624905,0.0378827,0.0378827,0.003881095,0.003881095,0.03296485,0.03296485,
0.565,3.33E-08,2.17E-06,9.72E-06,0.000136427,0.0007658,0.000164128,0.000164128,0.01347735,0.01347735,0.02242495,0.02242495,0.0065826,0.00278793,5.48E-05,1.20E-01,1.20E-01,2.56E-01,2.56E-01,0.0139476,0.00063152,0.00063152,0.03819435,0.03819435,0.003873185,0.003873185,0.03321655,0.03321655,
0.57,3.52E-08,2.29E-06,1.01E-05,0.000141048,0.000785543,0.000166749,0.000166749,0.01367105,0.01367105,0.02256395,0.02256395,0.00667559,0.00285212,5.62E-05,1.20E-01,1.20E-01,2.55E-01,2.55E-01,0.0138966,0.000638125,0.000638125,0.03850525,0.03850525,0.003865375,0.003865375,0.0334662,0.0334662,
0.575,3.72E-08,2.41E-06,1.06E-05,0.000145768,0.000805548,0.000169374,0.000169374,0.01386485,0.01386485,0.0227014,0.0227014,0.00676864,0.00291699,5.77E-05,1.20E-01,1.20E-01,2.54E-01,2.54E-01,0.013846,0.00064473,0.00064473,0.0388153,0.0388153,0.003857665,0.003857665,0.03371385,0.03371385,
0.58,3.93E-08,2.53E-06,1.10E-05,0.000150588,0.000825815,0.000172003,0.000172003,0.01405865,0.01405865,0.02283735,0.02283735,0.00686175,0.00298252,5.92E-05,1.20E-01,1.20E-01,2.53E-01,2.53E-01,0.0137959,0.000651325,0.000651325,0.0391246,0.0391246,0.003850055,0.003850055,0.03395945,0.03395945,
0.585,4.15E-08,2.66E-06,1.15E-05,0.000155508,0.000846342,0.000174636,0.000174636,0.0142525,0.0142525,0.02297185,0.02297185,0.00695492,0.00304872,6.07E-05,1.20E-01,1.20E-01,2.52E-01,2.52E-01,0.0137463,0.00065791,0.00065791,0.03943305,0.03943305,0.003842535,0.003842535,0.034203,0.034203,
0.59,4.37E-08,2.80E-06,1.19E-05,0.000160529,0.000867128,0.000177274,0.000177274,0.01444635,0.01444635,0.02310495,0.02310495,0.00704812,0.00311558,6.22E-05,1.20E-01,1.20E-01,2.51E-01,2.51E-01,0.0136971,0.00066449,0.00066449,0.0397407,0.0397407,0.00383511,0.00383511,0.0344446,0.0344446,
0.595,4.61E-08,2.93E-06,1.24E-05,0.000165652,0.000888173,0.000179914,0.000179914,0.0146402,0.0146402,0.02323655,0.02323655,0.00714137,0.0031831,6.37E-05,1.20E-01,1.20E-01,2.50E-01,2.50E-01,0.0136484,0.000671065,0.000671065,0.0400475,0.0400475,0.003827775,0.003827775,0.0346842,0.0346842,
0.6,4.86E-08,3.08E-06,1.29E-05,0.000170877,0.000909476,0.000182558,0.000182558,0.014834,0.014834,0.02336675,0.02336675,0.00723464,0.00325126,6.52E-05,1.20E-01,1.20E-01,2.50E-01,2.50E-01,0.0136002,0.000677625,0.000677625,0.04035345,0.04035345,0.00382053,0.00382053,0.0349218,0.0349218,
0.605,5.12E-08,3.23E-06,1.34E-05,0.000176205,0.000931036,0.000185204,0.000185204,0.01502775,0.01502775,0.02349555,0.02349555,0.00732794,0.00332006,6.68E-05,1.19E-01,1.19E-01,2.49E-01,2.49E-01,0.0135524,0.00068418,0.00068418,0.0406586,0.0406586,0.00381337,0.00381337,0.03515745,0.03515745,
0.61,5.39E-08,3.38E-06,1.39E-05,0.000181636,0.000952851,0.000187853,0.000187853,0.0152214,0.0152214,0.02362295,0.02362295,0.00742125,0.00338951,6.84E-05,1.19E-01,1.19E-01,2.48E-01,2.48E-01,0.013505,0.000690725,0.000690725,0.04096285,0.04096285,0.003806295,0.003806295,0.0353912,0.0353912,
0.615,5.67E-08,3.55E-06,1.45E-05,0.000187171,0.000974921,0.000190504,0.000190504,0.015415,0.015415,0.023749,0.023749,0.00751458,0.00345958,7.00E-05,1.19E-01,1.19E-01,2.47E-01,2.47E-01,0.013458,0.00069726,0.00069726,0.04126625,0.04126625,0.003799305,0.003799305,0.03562295,0.03562295,
0.62,5.96E-08,3.71E-06,1.50E-05,0.00019281,0.000997244,0.000193157,0.000193157,0.0156085,0.0156085,0.0238737,0.0238737,0.00760791,0.00353028,7.16E-05,1.19E-01,1.19E-01,2.46E-01,2.46E-01,0.0134115,0.000703785,0.000703785,0.04156875,0.04156875,0.0037924,0.0037924,0.03585285,0.03585285,
0.625,6.26E-08,3.89E-06,1.56E-05,0.000198554,0.00101982,0.000195812,0.000195812,0.01580185,0.01580185,0.0239971,0.0239971,0.00770125,0.00360161,7.32E-05,1.19E-01,1.19E-01,2.46E-01,2.46E-01,0.0133653,0.000710295,0.000710295,0.0418704,0.0418704,0.00378557,0.00378557,0.0360808,0.0360808,
0.63,6.58E-08,4.07E-06,1.62E-05,0.000204403,0.00104265,0.000198468,0.000198468,0.01599505,0.01599505,0.02411915,0.02411915,0.00779458,0.00367355,7.49E-05,1.19E-01,1.19E-01,2.45E-01,2.45E-01,0.0133196,0.0007168,0.0007168,0.0421711,0.0421711,0.00377882,0.00377882,0.0363069,0.0363069,
0.635,6.91E-08,4.25E-06,1.68E-05,0.000210359,0.00106572,0.000201126,0.000201126,0.0161881,0.0161881,0.0242399,0.0242399,0.0078879,0.00374609,7.66E-05,1.19E-01,1.19E-01,2.44E-01,2.44E-01,0.0132743,0.00072329,0.00072329,0.04247095,0.04247095,0.00377215,0.00377215,0.0365311,0.0365311,
0.64,7.25E-08,4.44E-06,1.74E-05,0.00021642,0.00108905,0.000203784,0.000203784,0.016381,0.016381,0.02435935,0.02435935,0.00798121,0.00381925,7.83E-05,1.19E-01,1.19E-01,2.43E-01,2.43E-01,0.0132294,0.000729765,0.000729765,0.04276985,0.04276985,0.00376555,0.00376555,0.03675345,0.03675345,
0.645,7.60E-08,4.64E-06,1.80E-05,0.000222588,0.00111262,0.000206443,0.000206443,0.0165737,0.0165737,0.02447755,0.02447755,0.00807449,0.003893,8.00E-05,1.18E-01,1.18E-01,2.43E-01,2.43E-01,0.0131848,0.000736235,0.000736235,0.04306785,0.04306785,0.00375903,0.00375903,0.03697395,0.03697395,
0.65,7.97E-08,4.85E-06,1.87E-05,0.000228863,0.00113645,0.000209102,0.000209102,0.01676615,0.01676615,0.0245945,0.0245945,0.00816776,0.00396735,8.17E-05,1.18E-01,1.18E-01,2.42E-01,2.42E-01,0.0131406,0.000742685,0.000742685,0.0433649,0.0433649,0.00375258,0.00375258,0.0371926,0.0371926,
0.655,8.35E-08,5.06E-06,1.94E-05,0.000235246,0.00116051,0.000211762,0.000211762,0.01695845,0.01695845,0.0247102,0.0247102,0.00826099,0.00404228,8.34E-05,1.18E-01,1.18E-01,2.41E-01,2.41E-01,0.0130968,0.000749125,0.000749125,0.04366105,0.04366105,0.0037462,0.0037462,0.03740945,0.03740945,
0.66,8.74E-08,5.28E-06,2.00E-05,0.000241736,0.00118482,0.000214421,0.000214421,0.01715045,0.01715045,0.0248247,0.0248247,0.00835419,0.00411779,8.52E-05,1.18E-01,1.18E-01,2.40E-01,2.40E-01,0.0130534,0.000755555,0.000755555,0.04395625,0.04395625,0.00373989,0.00373989,0.03762455,0.03762455,
0.665,9.15E-08,5.51E-06,2.07E-05,0.000248335,0.00120937,0.000217081,0.000217081,0.0173422,0.0173422,0.024938,0.024938,0.00844736,0.00419389,8.70E-05,1.18E-01,1.18E-01,2.40E-01,2.40E-01,0.0130103,0.00076197,0.00076197,0.04425045,0.04425045,0.003733645,0.003733645,0.0378378,0.0378378,
0.67,9.57E-08,5.75E-06,2.14E-05,0.000255042,0.00123417,0.000219739,0.000219739,0.0175337,0.0175337,0.0250501,0.0250501,0.00854049,0.00427055,8.88E-05,1.18E-01,1.18E-01,2.39E-01,2.39E-01,0.0129676,0.00076837,0.00076837,0.04454375,0.04454375,0.00372747,0.00372747,0.0380493,0.0380493,
0.675,1.00E-07,5.99E-06,2.22E-05,0.000261858,0.0012592,0.000222397,0.000222397,0.01772495,0.01772495,0.02516105,0.02516105,0.00863357,0.00434778,9.06E-05,1.17E-01,1.17E-01,2.38E-01,2.38E-01,0.0129252,0.000774755,0.000774755,0.04483605,0.04483605,0.00372136,0.00372136,0.03825905,0.03825905,
0.68,1.05E-07,6.24E-06,2.29E-05,0.000268783,0.00128448,0.000225054,0.000225054,0.01791585,0.01791585,0.0252708,0.0252708,0.0087266,0.00442556,9.24E-05,1.17E-01,1.17E-01,2.37E-01,2.37E-01,0.0128832,0.000781125,0.000781125,0.04512735,0.04512735,0.003715315,0.003715315,0.0384671,0.0384671,
0.685,1.09E-07,6.50E-06,2.37E-05,0.000275817,0.00130999,0.00022771,0.00022771,0.0181065,0.0181065,0.02537945,0.02537945,0.00881958,0.00450391,9.42E-05,1.17E-01,1.17E-01,2.37E-01,2.37E-01,0.0128415,0.00078748,0.00078748,0.0454177,0.0454177,0.003709335,0.003709335,0.03867335,0.03867335,
0.69,1.14E-07,6.76E-06,2.45E-05,0.000282961,0.00133574,0.000230365,0.000230365,0.0182968,0.0182968,0.02548695,0.02548695,0.00891251,0.0045828,9.61E-05,1.17E-01,1.17E-01,2.36E-01,2.36E-01,0.0128002,0.00079382,0.00079382,0.0457071,0.0457071,0.00370341,0.00370341,0.03887795,0.03887795,
0.695,1.19E-07,7.04E-06,2.53E-05,0.000290215,0.00136172,0.000233017,0.000233017,0.01848675,0.01848675,0.02559335,0.02559335,0.00900538,0.00466223,9.80E-05,1.17E-01,1.17E-01,2.35E-01,2.35E-01,0.0127591,0.00080015,0.00080015,0.04599545,0.04599545,0.00369755,0.00369755,0.0390808,0.0390808,
0.7,1.25E-07,7.32E-06,2.61E-05,0.000297579,0.00138794,0.000235669,0.000235669,0.0186764,0.0186764,0.02569865,0.02569865,0.00909818,0.0047422,9.98E-05,1.17E-01,1.17E-01,2.34E-01,2.34E-01,0.0127184,0.000806455,0.000806455,0.0462828,0.0462828,0.00369175,0.00369175,0.039282,0.039282,
0.705,1.30E-07,7.61E-06,2.69E-05,0.000305054,0.00141439,0.000238318,0.000238318,0.01886565,0.01886565,0.02580285,0.02580285,0.00919093,0.0048227,0.000101744,0.116476,0.116476,0.233794,0.233794,0.0126781,0.00081275,0.00081275,0.04656915,0.04656915,0.00368601,0.00368601,0.03948155,0.03948155,
0.71,1.35E-07,7.91E-06,2.78E-05,0.000312639,0.00144107,0.000240965,0.000240965,0.01905455,0.01905455,0.025906,0.025906,0.0092836,0.00490373,0.000103662,0.116307,0.116307,0.233099,0.233099,0.012638,0.00081903,0.00081903,0.0468545,0.0468545,0.003680325,0.003680325,0.0396794,0.0396794,
0.715,1.41E-07,8.22E-06,2.87E-05,0.000320335,0.00146797,0.00024361,0.00024361,0.0192431,0.0192431,0.0260081,0.0260081,0.00937621,0.00498528,0.000105595,0.1161365,0.1161365,0.232409,0.232409,0.0125982,0.00082529,0.00082529,0.04713885,0.04713885,0.003674695,0.003674695,0.03987565,0.03987565,
0.72,1.47E-07,8.54E-06,2.96E-05,0.000328142,0.00149511,0.000246252,0.000246252,0.0194312,0.0194312,0.02610915,0.02610915,0.00946874,0.00506734,0.000107544,0.115965,0.115965,0.2317235,0.2317235,0.0125588,0.000831535,0.000831535,0.04742215,0.04742215,0.00366912,0.00366912,0.0400703,0.0400703,
0.725,1.53E-07,8.87E-06,3.05E-05,0.00033606,0.00152247,0.000248892,0.000248892,0.01961895,0.01961895,0.02620915,0.02620915,0.0095612,0.00514991,0.000109508,0.115792,0.115792,0.231043,0.231043,0.0125196,0.00083776,0.00083776,0.0477044,0.0477044,0.0036636,0.0036636,0.0402633,0.0402633,
0.73,1.60E-07,9.21E-06,3.14E-05,0.000344089,0.00155006,0.000251528,0.000251528,0.0198063,0.0198063,0.02630815,0.02630815,0.00965357,0.00523299,0.000111486,0.115618,0.115618,0.230367,0.230367,0.0124808,0.00084397,0.00084397,0.04798565,0.04798565,0.00365813,0.00365813,0.0404547,0.0404547,
0.735,1.66E-07,9.56E-06,3.24E-05,0.00035223,0.00157787,0.000254162,0.000254162,0.0199932,0.0199932,0.0264062,0.0264062,0.00974587,0.00531656,0.000113479,0.115443,0.115443,0.2296955,0.2296955,0.0124422,0.00085016,0.00085016,0.0482658,0.0482658,0.003652715,0.003652715,0.04064455,0.04064455,
0.74,1.73E-07,9.91E-06,3.33E-05,0.000360482,0.00160591,0.000256793,0.000256793,0.02017965,0.02017965,0.0265032,0.0265032,0.00983809,0.00540063,0.000115487,0.1152665,0.1152665,0.2290285,0.2290285,0.0124039,0.000856335,0.000856335,0.04854495,0.04854495,0.00364735,0.00364735,0.0408328,0.0408328,
0.745,1.80E-07,1.03E-05,3.43E-05,0.000368846,0.00163416,0.00025942,0.00025942,0.0203657,0.0203657,0.02659925,0.02659925,0.00993022,0.00548518,0.00011751,0.1150895,0.1150895,0.2283655,0.2283655,0.0123659,0.00086249,0.00086249,0.04882305,0.04882305,0.003642035,0.003642035,0.04101955,0.04101955,
0.75,1.87E-07,1.07E-05,3.54E-05,0.000377321,0.00166264,0.000262044,0.000262044,0.0205513,0.0205513,0.02669435,0.02669435,0.0100223,0.00557022,0.000119546,0.1149115,0.1149115,0.2277075,0.2277075,0.0123282,0.00086863,0.00086863,0.0491001,0.0491001,0.00363677,0.00363677,0.04120475,0.04120475,
0.755,1.94E-07,1.10E-05,3.64E-05,0.000385908,0.00169133,0.000264664,0.000264664,0.0207364,0.0207364,0.0267885,0.0267885,0.0101142,0.00565573,0.000121597,0.1147325,0.1147325,0.2270535,0.2270535,0.0122907,0.00087475,0.00087475,0.04937605,0.04937605,0.003631555,0.003631555,0.0413884,0.0413884,
0.76,2.02E-07,1.14E-05,3.74E-05,0.000394607,0.00172024,0.000267281,0.000267281,0.0209211,0.0209211,0.02688175,0.02688175,0.0102061,0.00574171,0.000123662,0.1145525,0.1145525,0.226404,0.226404,0.0122535,0.00088085,0.00088085,0.04965095,0.04965095,0.003626385,0.003626385,0.04157055,0.04157055,
0.765,2.10E-07,1.19E-05,3.85E-05,0.000403418,0.00174936,0.000269893,0.000269893,0.02110525,0.02110525,0.02697405,0.02697405,0.0102979,0.00582816,0.000125741,0.114372,0.114372,0.225759,0.225759,0.0122166,0.00088693,0.00088693,0.0499248,0.0499248,0.00362126,0.00362126,0.0417512,0.0417512,
0.77,2.18E-07,1.23E-05,3.96E-05,0.000412341,0.0017787,0.000272502,0.000272502,0.021289,0.021289,0.02706545,0.02706545,0.0103895,0.00591507,0.000127833,0.1141905,0.1141905,0.2251175,0.2251175,0.01218,0.000892995,0.000892995,0.0501975,0.0501975,0.00361618,0.00361618,0.0419304,0.0419304,
0.775,2.26E-07,1.27E-05,4.07E-05,0.000421376,0.00180824,0.000275106,0.000275106,0.0214722,0.0214722,0.02715595,0.02715595,0.0104811,0.00600244,0.000129939,0.1140085,0.1140085,0.2244805,0.2244805,0.0121436,0.00089904,0.00089904,0.0504695,0.0504695,0.003611145,0.003611145,0.0421081,0.0421081,
0.78,2.35E-07,1.31E-05,4.19E-05,0.000430522,0.001838,0.000277706,0.000277706,0.0216549,0.0216549,0.02724555,0.02724555,0.0105726,0.00609025,0.000132059,0.113826,0.113826,0.2238475,0.2238475,0.0121074,0.00090506,0.00090506,0.05074,0.05074,0.00360616,0.00360616,0.04228435,0.04228435,
0.785,2.43E-07,1.36E-05,4.30E-05,0.000439781,0.00186797,0.000280302,0.000280302,0.02183715,0.02183715,0.0273343,0.0273343,0.010664,0.00617851,0.000134192,0.1136425,0.1136425,0.2232185,0.2232185,0.0120716,0.000911065,0.000911065,0.0510095,0.0510095,0.00360121,0.00360121,0.04245915,0.04245915,
0.79,2.52E-07,1.41E-05,4.42E-05,0.000449151,0.00189814,0.000282893,0.000282893,0.02201885,0.02201885,0.02742215,0.02742215,0.0107553,0.00626721,0.000136338,0.1134585,0.1134585,0.2225935,0.2225935,0.0120359,0.00091705,0.00091705,0.051278,0.051278,0.003596305,0.003596305,0.04263255,0.04263255,
0.795,2.62E-07,1.45E-05,4.54E-05,0.000458634,0.00192852,0.000285479,0.000285479,0.0222,0.0222,0.0275092,0.0275092,0.0108465,0.00635634,0.000138497,0.113274,0.113274,0.2219725,0.2219725,0.0120005,0.000923015,0.000923015,0.051545,0.051545,0.003591445,0.003591445,0.0428045,0.0428045,
0.8,2.71E-07,1.50E-05,4.66E-05,0.000468228,0.00195911,0.000288061,0.000288061,0.0223807,0.0223807,0.0275954,0.0275954,0.0109376,0.0064459,0.000140669,0.113089,0.113089,0.221355,0.221355,0.0119654,0.00092896,0.00092896,0.0518115,0.0518115,0.00358662,0.00358662,0.0429751,0.0429751,
0.805,2.81E-07,1.55E-05,4.79E-05,0.000477934,0.0019899,0.000290638,0.000290638,0.0225608,0.0225608,0.02768075,0.02768075,0.0110286,0.00653588,0.000142853,0.112904,0.112904,0.220742,0.220742,0.0119305,0.000934885,0.000934885,0.0520765,0.0520765,0.00358184,0.00358184,0.04314425,0.04314425,
0.81,2.91E-07,1.61E-05,4.92E-05,0.000487752,0.00202088,0.000293209,0.000293209,0.0227404,0.0227404,0.0277653,0.0277653,0.0111194,0.00662628,0.000145051,0.112718,0.112718,0.2201325,0.2201325,0.0118958,0.00094079,0.00094079,0.0523405,0.0523405,0.003577095,0.003577095,0.04331205,0.04331205,
0.815,3.01E-07,1.66E-05,5.05E-05,0.000497681,0.00205207,0.000295776,0.000295776,0.02291945,0.02291945,0.02784905,0.02784905,0.0112102,0.0067171,0.000147261,0.1125315,0.1125315,0.2195265,0.2195265,0.0118614,0.000946675,0.000946675,0.0526035,0.0526035,0.003572395,0.003572395,0.0434785,0.0434785,
0.82,3.12E-07,1.71E-05,5.18E-05,0.000507722,0.00208346,0.000298337,0.000298337,0.02309795,0.02309795,0.027932,0.027932,0.0113009,0.00680832,0.000149483,0.112345,0.112345,0.2189245,0.2189245,0.0118272,0.000952535,0.000952535,0.0528655,0.0528655,0.00356773,0.00356773,0.0436436,0.0436436,
0.825,3.23E-07,1.77E-05,5.31E-05,0.000517874,0.00211504,0.000300893,0.000300893,0.0232759,0.0232759,0.0280142,0.0280142,0.0113914,0.00689995,0.000151717,0.112158,0.112158,0.218326,0.218326,0.0117932,0.00095838,0.00095838,0.053126,0.053126,0.0035631,0.0035631,0.04380735,0.04380735,
0.83,3.34E-07,1.82E-05,5.45E-05,0.000528137,0.00214682,0.000303444,0.000303444,0.02345325,0.02345325,0.0280956,0.0280956,0.0114819,0.00699198,0.000153964,0.111971,0.111971,0.217731,0.217731,0.0117594,0.0009642,0.0009642,0.0533855,0.0533855,0.003558505,0.003558505,0.0439698,0.0439698,
0.835,3.45E-07,1.88E-05,5.59E-05,0.000538512,0.00217879,0.000305989,0.000305989,0.02363005,0.02363005,0.02817625,0.02817625,0.0115722,0.0070844,0.000156222,0.1117835,0.1117835,0.2171395,0.2171395,0.0117259,0.00097,0.00097,0.053644,0.053644,0.00355395,0.00355395,0.0441309,0.0441309,
0.84,3.57E-07,1.94E-05,5.73E-05,0.000548998,0.00221096,0.000308528,0.000308528,0.0238063,0.0238063,0.02825615,0.02825615,0.0116625,0.0071772,0.000158493,0.1115955,0.1115955,0.216552,0.216552,0.0116926,0.000975775,0.000975775,0.0539015,0.0539015,0.00354943,0.00354943,0.04429075,0.04429075,
0.845,3.69E-07,2.00E-05,5.87E-05,0.000559594,0.00224331,0.000311062,0.000311062,0.02398195,0.02398195,0.0283353,0.0283353,0.0117526,0.00727039,0.000160775,0.111408,0.111408,0.2159675,0.2159675,0.0116595,0.000981535,0.000981535,0.054158,0.054158,0.003544945,0.003544945,0.04444925,0.04444925,
0.85,3.81E-07,2.06E-05,6.02E-05,0.000570302,0.00227586,0.00031359,0.00031359,0.02415705,0.02415705,0.0284137,0.0284137,0.0118426,0.00736396,0.000163068,0.1112195,0.1112195,0.215387,0.215387,0.0116266,0.00098727,0.00098727,0.054413,0.054413,0.003540495,0.003540495,0.0446065,0.0446065,
0.855,3.94E-07,2.13E-05,6.16E-05,0.00058112,0.00230859,0.000316112,0.000316112,0.02433155,0.02433155,0.0284914,0.0284914,0.0119325,0.00745791,0.000165373,0.1110315,0.1110315,0.2148095,0.2148095,0.0115939,0.000992985,0.000992985,0.054667,0.054667,0.003536075,0.003536075,0.0447625,0.0447625,
0.86,4.07E-07,2.19E-05,6.32E-05,0.000592048,0.00234151,0.000318628,0.000318628,0.02450545,0.02450545,0.0285684,0.0285684,0.0120223,0.00755222,0.000167689,0.110843,0.110843,0.2142355,0.2142355,0.0115614,0.000998675,0.000998675,0.05492,0.05492,0.00353169,0.00353169,0.04491725,0.04491725,
0.865,4.20E-07,2.26E-05,6.47E-05,0.000603087,0.00237461,0.000321138,0.000321138,0.0246788,0.0246788,0.0286447,0.0286447,0.012112,0.00764689,0.000170016,0.1106545,0.1106545,0.213665,0.213665,0.0115291,0.00100435,0.00100435,0.055172,0.055172,0.00352734,0.00352734,0.04507075,0.04507075,
0.87,4.34E-07,2.33E-05,6.62E-05,0.000614235,0.00240789,0.000323642,0.000323642,0.0248515,0.0248515,0.02872025,0.02872025,0.0122015,0.00774193,0.000172355,0.110466,0.110466,0.213098,0.213098,0.0114971,0.001009995,0.001009995,0.0554225,0.0554225,0.00352302,0.00352302,0.045223,0.045223,
0.875,4.48E-07,2.40E-05,6.78E-05,0.000625494,0.00244136,0.000326139,0.000326139,0.0250236,0.0250236,0.0287952,0.0287952,0.012291,0.00783732,0.000174704,0.1102775,0.1102775,0.212534,0.212534,0.0114652,0.001015625,0.001015625,0.055672,0.055672,0.00351873,0.00351873,0.04537405,0.04537405,
0.88,4.62E-07,2.47E-05,6.94E-05,0.000636862,0.00247501,0.000328631,0.000328631,0.02519515,0.02519515,0.0288694,0.0288694,0.0123803,0.00793306,0.000177064,0.1100885,0.1100885,0.211973,0.211973,0.0114336,0.00102123,0.00102123,0.0559205,0.0559205,0.003514475,0.003514475,0.0455239,0.0455239,
0.885,4.77E-07,2.54E-05,7.10E-05,0.000648339,0.00250883,0.000331116,0.000331116,0.02536605,0.02536605,0.028943,0.028943,0.0124695,0.00802915,0.000179434,0.1099,0.1099,0.2114155,0.2114155,0.0114021,0.001026815,0.001026815,0.0561675,0.0561675,0.003510245,0.003510245,0.0456725,0.0456725,
0.89,4.92E-07,2.61E-05,7.27E-05,0.000659926,0.00254283,0.000333595,0.000333595,0.02553635,0.02553635,0.0290159,0.0290159,0.0125586,0.00812557,0.000181815,0.109711,0.109711,0.2108615,0.2108615,0.0113708,0.001032375,0.001032375,0.056414,0.056414,0.00350605,0.00350605,0.04582,0.04582,
0.895,5.07E-07,2.69E-05,7.44E-05,0.000671621,0.00257701,0.000336067,0.000336067,0.025706,0.025706,0.02908815,0.02908815,0.0126476,0.00822234,0.000184206,0.1095225,0.1095225,0.21031,0.21031,0.0113397,0.00103791,0.00103791,0.056659,0.056659,0.00350188,0.00350188,0.04596625,0.04596625,
0.9,5.23E-07,2.77E-05,7.61E-05,0.000683425,0.00261136,0.000338533,0.000338533,0.02587505,0.02587505,0.0291598,0.0291598,0.0127365,0.00831943,0.000186608,0.109334,0.109334,0.209762,0.209762,0.0113088,0.00104343,0.00104343,0.0569025,0.0569025,0.00349774,0.00349774,0.0461114,0.0461114,
0.905,5.39E-07,2.85E-05,7.78E-05,0.000695337,0.00264589,0.000340992,0.000340992,0.0260435,0.0260435,0.0292308,0.0292308,0.0128253,0.00841686,0.00018902,0.1091455,0.1091455,0.209217,0.209217,0.0112781,0.00104892,0.00104892,0.0571455,0.0571455,0.00349363,0.00349363,0.04625535,0.04625535,
0.91,5.55E-07,2.93E-05,7.96E-05,0.000707358,0.00268058,0.000343444,0.000343444,0.0262113,0.0262113,0.02930115,0.02930115,0.0129139,0.0085146,0.000191441,0.108957,0.108957,0.2086755,0.2086755,0.0112476,0.001054395,0.001054395,0.057387,0.057387,0.00348955,0.00348955,0.0463982,0.0463982,
0.915,5.72E-07,3.01E-05,8.13E-05,0.000719486,0.00271545,0.00034589,0.00034589,0.0263785,0.0263785,0.0293709,0.0293709,0.0130024,0.00861267,0.000193873,0.108769,0.108769,0.2081365,0.2081365,0.0112173,0.00105984,0.00105984,0.0576275,0.0576275,0.003485495,0.003485495,0.0465399,0.0465399,
0.92,5.89E-07,3.09E-05,8.31E-05,0.000731722,0.00275048,0.000348329,0.000348329,0.0265451,0.0265451,0.02944005,0.02944005,0.0130909,0.00871105,0.000196314,0.1085805,0.1085805,0.2076005,0.2076005,0.0111871,0.00106527,0.00106527,0.057867,0.057867,0.003481465,0.003481465,0.04668045,0.04668045,
0.925,6.07E-07,3.18E-05,8.50E-05,0.000744065,0.00278568,0.000350761,0.000350761,0.026711,0.026711,0.0295086,0.0295086,0.0131792,0.00880974,0.000198765,0.1083925,0.1083925,0.207068,0.207068,0.0111571,0.00107067,0.00107067,0.058105,0.058105,0.003477465,0.003477465,0.0468199,0.0468199,
0.93,6.24E-07,3.26E-05,8.68E-05,0.000756515,0.00282104,0.000353187,0.000353187,0.0268763,0.0268763,0.02957655,0.02957655,0.0132673,0.00890873,0.000201225,0.1082045,0.1082045,0.206538,0.206538,0.0111273,0.001076055,0.001076055,0.0583425,0.0583425,0.00347349,0.00347349,0.0469583,0.0469583,
0.935,6.43E-07,3.35E-05,8.87E-05,0.000769071,0.00285657,0.000355605,0.000355605,0.02704095,0.02704095,0.02964395,0.02964395,0.0133554,0.00900803,0.000203695,0.108017,0.108017,0.206011,0.206011,0.0110977,0.00108141,0.00108141,0.0585785,0.0585785,0.00346954,0.00346954,0.04709555,0.04709555,
0.94,6.61E-07,3.44E-05,9.06E-05,0.000781734,0.00289226,0.000358017,0.000358017,0.027205,0.027205,0.02971075,0.02971075,0.0134434,0.00910762,0.000206174,0.1078295,0.1078295,0.205487,0.205487,0.0110683,0.001086745,0.001086745,0.058813,0.058813,0.00346562,0.00346562,0.04723175,0.04723175,
0.945,6.80E-07,3.54E-05,9.26E-05,0.000794503,0.00292811,0.000360421,0.000360421,0.0273684,0.0273684,0.029777,0.029777,0.0135312,0.00920751,0.000208662,0.107642,0.107642,0.2049655,0.2049655,0.011039,0.00109206,0.00109206,0.059047,0.059047,0.00346172,0.00346172,0.0473669,0.0473669,
0.95,7.00E-07,3.63E-05,9.45E-05,0.000807378,0.00296412,0.000362819,0.000362819,0.02753115,0.02753115,0.02984265,0.02984265,0.0136189,0.00930769,0.000211159,0.107455,0.107455,0.2044475,0.2044475,0.0110099,0.00109735,0.00109735,0.0592795,0.0592795,0.003457845,0.003457845,0.04750095,0.04750095,
0.955,7.20E-07,3.73E-05,9.65E-05,0.000820358,0.00300029,0.000365209,0.000365209,0.02769325,0.02769325,0.02990775,0.02990775,0.0137065,0.00940815,0.000213665,0.107268,0.107268,0.203932,0.203932,0.0109809,0.001102615,0.001102615,0.059511,0.059511,0.003454,0.003454,0.04763395,0.04763395,
0.96,7.40E-07,3.82E-05,9.85E-05,0.000833443,0.00303661,0.000367592,0.000367592,0.0278547,0.0278547,0.02997235,0.02997235,0.013794,0.00950889,0.000216179,0.1070815,0.1070815,0.203419,0.203419,0.0109522,0.00110786,0.00110786,0.0597415,0.0597415,0.00345017,0.00345017,0.0477659,0.0477659,
0.965,7.61E-07,3.92E-05,0.000100576,0.000846632,0.00307309,0.000369968,0.000369968,0.02801555,0.02801555,0.03003635,0.03003635,0.0138814,0.00960991,0.000218703,0.1068955,0.1068955,0.202909,0.202909,0.0109236,0.00111308,0.00111308,0.0599705,0.0599705,0.00344637,0.00344637,0.04789685,0.04789685,
0.97,7.82E-07,4.03E-05,0.000102647,0.000859926,0.00310972,0.000372337,0.000372337,0.0281757,0.0281757,0.03009985,0.03009985,0.0139687,0.0097112,0.000221235,0.106709,0.106709,0.202402,0.202402,0.0108951,0.00111828,0.00111828,0.0601985,0.0601985,0.00344259,0.00344259,0.04802675,0.04802675,
0.975,8.04E-07,4.13E-05,0.000104745,0.000873324,0.00314651,0.000374699,0.000374699,0.02833525,0.02833525,0.03016285,0.03016285,0.0140558,0.00981276,0.000223775,0.1065235,0.1065235,0.2018975,0.2018975,0.0108668,0.001123455,0.001123455,0.0604255,0.0604255,0.003438835,0.003438835,0.04815565,0.04815565,
0.98,8.26E-07,4.24E-05,0.000106871,0.000886825,0.00318344,0.000377054,0.000377054,0.0284941,0.0284941,0.0302253,0.0302253,0.0141428,0.00991459,0.000226323,0.106338,0.106338,0.2013955,0.2013955,0.0108387,0.00112861,0.00112861,0.0606515,0.0606515,0.003435105,0.003435105,0.04828355,0.04828355,
0.985,8.48E-07,4.34E-05,0.000109023,0.00090043,0.00322052,0.000379401,0.000379401,0.02865235,0.02865235,0.0302872,0.0302872,0.0142297,0.0100167,0.00022888,0.106153,0.106153,0.2008965,0.2008965,0.0108108,0.00113374,0.00113374,0.060876,0.060876,0.003431395,0.003431395,0.04841045,0.04841045,
0.99,8.71E-07,4.45E-05,0.000111204,0.000914137,0.00325776,0.000381741,0.000381741,0.02880995,0.02880995,0.03034865,0.03034865,0.0143165,0.010119,0.000231445,0.105968,0.105968,0.2004,0.2004,0.0107829,0.001138845,0.001138845,0.0610995,0.0610995,0.003427705,0.003427705,0.04853635,0.04853635,
0.995,8.94E-07,4.56E-05,0.000113412,0.000927947,0.00329513,0.000384073,0.000384073,0.02896685,0.02896685,0.0304096,0.0304096,0.0144032,0.0102216,0.000234018,0.1057835,0.1057835,0.199906,0.199906,0.0107553,0.00114393,0.00114393,0.061322,0.061322,0.003424035,0.003424035,0.0486613,0.0486613,
1,9.18E-07,4.68E-05,0.000115647,0.000941859,0.00333266,0.000386398,0.000386398,0.02912315,0.02912315,0.03047,0.03047,0.0144898,0.0103245,0.000236599,0.1055995,0.1055995,0.199415,0.199415,0.0107278,0.00114899,0.00114899,0.0615435,0.0615435,0.00342039,0.00342039,0.04878525,0.04878525,
