Time,AI,AF,AD,AL,AA,BD,BC,AM,AN,AY,AZ,AC,AK,AH,AT,AS,AR,AQ,AG,BB,BA,AO,AP,AV,AU,AX,AW
0,0,0,0,0,0,0,0,0,0,0,0,0,0,1,0,0,0,0,0,0,0,0,0,0,0,0,0
0.004,-9.85E-28,-2.63E-24,-1.88E-22,1.58E-18,2.21E-15,1.12E-13,1.12E-13,3.47E-10,3.47E-10,1.25E-07,1.25E-07,0.000226869,0.0618186,0.937954,1.03964E-10,1.03964E-10,2.26004E-13,2.26004E-13,1.14E-16,1.12E-13,1.12E-13,1.22E-15,1.22E-15,5.71E-17,5.71E-17,6.78E-14,6.7813E-14
0.008,1.23E-25,5.11E-22,2.39E-19,3.06E-16,1.50E-13,3.49E-12,3.49E-12,5.42E-09,5.42E-09,9.78E-07,9.78E-07,0.00088167,0.119259,0.879858,1.62279E-09,1.62279E-09,7.1772E-12,7.1772E-12,7.84E-15,3.49E-12,3.49E-12,8.27E-14,8.27E-14,3.89E-15,3.89E-15,2.15E-12,2.15221E-12
0.012,1.12E-23,2.33E-20,6.42E-18,5.19E-15,1.66E-12,2.55E-11,2.55E-11,2.68E-08,2.68E-08,3.22E-06,3.22E-06,0.0019277,0.172608,0.825458,8.01775E-09,8.01775E-09,5.33655E-11,5.33655E-11,8.74E-14,2.55E-11,2.55E-11,9.17E-13,9.17E-13,4.32E-14,4.32E-14,1.60E-11,1.59938E-11
0.016,2.01E-22,3.08E-19,6.28E-17,3.78E-14,8.99E-12,1.03E-10,1.03E-10,8.29E-08,8.29E-08,7.43E-06,7.43E-06,0.00333079,0.222134,0.77452,2.47336E-08,2.47336E-08,2.20036E-10,2.20036E-10,4.78E-13,1.03E-10,1.03E-10,4.98E-12,4.98E-12,2.35E-13,2.35E-13,6.59E-11,6.5911E-11
0.02,1.84E-21,2.25E-18,3.64E-16,1.74E-13,3.31E-11,3.03E-10,3.03E-10,1.98E-07,1.98E-07,1.41E-05,1.41E-05,0.00505915,0.26809,0.726822,5.89455E-08,5.89455E-08,6.57E-10,6.57E-10,1.77E-12,3.03E-10,3.03E-10,1.84E-11,1.84E-11,8.69E-13,8.69E-13,1.97E-10,1.96705E-10
0.024,1.11E-20,1.13E-17,1.52E-15,6.05E-13,9.55E-11,7.25E-10,7.25E-10,4.01E-07,4.01E-07,2.38E-05,2.38E-05,0.00708321,0.310711,0.682157,1.19327E-07,1.19327E-07,1.59963E-09,1.59963E-09,5.15E-12,7.25E-10,7.25E-10,5.31E-11,5.31E-11,2.52E-12,2.52E-12,4.79E-10,4.787E-10
0.028,5.02E-20,4.40E-17,5.06E-15,1.73E-12,2.33E-10,1.51E-09,1.51E-09,7.26E-07,7.26E-07,3.69E-05,3.69E-05,0.00937545,0.350216,0.640333,2.15837E-07,2.15837E-07,3.3832E-09,3.3832E-09,1.26E-11,1.51E-09,1.51E-09,1.30E-10,1.30E-10,6.15E-12,6.15E-12,1.01E-09,1.012E-09
0.032,1.85E-19,1.42E-16,1.43E-14,4.25E-12,5.01E-10,2.83E-09,2.83E-09,1.21E-06,1.21E-06,5.37E-05,5.37E-05,0.0119103,0.386813,0.601167,3.59529E-07,3.59529E-07,6.45495E-09,6.45495E-09,2.74E-11,2.83E-09,2.83E-09,2.80E-10,2.80E-10,1.33E-11,1.33E-11,1.93E-09,1.93003E-09
0.036,5.83E-19,4.00E-16,3.56E-14,9.40E-12,9.81E-10,4.91E-09,4.91E-09,1.90E-06,1.90E-06,7.45E-05,7.45E-05,0.014664,0.420692,0.56449,5.6237E-07,5.6237E-07,1.13841E-08,1.13841E-08,5.40E-11,4.91E-09,4.91E-09,5.49E-10,5.49E-10,2.61E-11,2.61E-11,3.40E-09,3.40246E-09
0.04,1.62E-18,1.00E-15,8.03E-14,1.90E-11,1.78E-09,8.00E-09,8.00E-09,2.83E-06,2.83E-06,9.96E-05,9.96E-05,0.0176145,0.452036,0.530143,8.3709E-07,8.3709E-07,1.88693E-08,1.88693E-08,9.89E-11,8.00E-09,8.00E-09,1.00E-09,1.00E-09,4.76E-11,4.76E-11,5.64E-09,5.6375E-09
0.044,4.08E-18,2.30E-15,1.67E-13,3.60E-11,3.06E-09,1.24E-08,1.24E-08,4.05E-06,4.05E-06,1.29E-04,1.29E-04,0.0207412,0.481012,0.497977,1.19701E-06,1.19701E-06,2.97457E-08,2.97457E-08,1.71E-10,1.24E-08,1.24E-08,1.71E-09,1.71E-09,8.17E-11,8.17E-11,8.88E-09,8.88385E-09
0.048,9.44E-18,4.90E-15,3.25E-13,6.41E-11,4.98E-09,1.85E-08,1.85E-08,5.61E-06,5.61E-06,1.64E-04,1.64E-04,0.0240252,0.507778,0.467855,1.65595E-06,1.65595E-06,4.49886E-08,4.49886E-08,2.80E-10,1.85E-08,1.85E-08,2.80E-09,2.80E-09,1.34E-10,1.34E-10,1.34E-08,1.34319E-08
0.052,2.04E-17,9.80E-15,5.99E-13,1.09E-10,7.79E-09,2.66E-08,2.66E-08,7.56E-06,7.56E-06,2.03E-04,2.03E-04,0.0274488,0.532481,0.439644,2.22806E-06,2.22806E-06,6.57175E-08,6.57175E-08,4.40E-10,2.66E-08,2.66E-08,4.38E-09,4.38E-09,2.09E-10,2.09E-10,1.96E-08,1.96147E-08
0.056,4.15E-17,1.86E-14,1.05E-12,1.77E-10,1.18E-08,3.71E-08,3.71E-08,9.96E-06,9.96E-06,2.48E-04,2.48E-04,0.0309956,0.55526,0.413223,2.92776E-06,2.92776E-06,9.31975E-08,9.31975E-08,6.68E-10,3.71E-08,3.71E-08,6.63E-09,6.63E-09,3.17E-10,3.17E-10,2.78E-08,2.78085E-08
0.06,8.02E-17,3.37E-14,1.78E-12,2.78E-10,1.72E-08,5.05E-08,5.05E-08,1.28E-05,1.28E-05,2.97E-04,2.97E-04,0.0346505,0.576243,0.388479,3.7696E-06,3.7696E-06,1.28841E-07,1.28841E-07,9.84E-10,5.05E-08,5.05E-08,9.72E-09,9.72E-09,4.65E-10,4.65E-10,3.84E-08,3.84333E-08
0.064,1.48E-16,5.86E-14,2.89E-12,4.24E-10,2.45E-08,6.72E-08,6.72E-08,1.63E-05,1.63E-05,3.52E-04,3.52E-04,0.0383994,0.595551,0.365303,4.7682E-06,4.7682E-06,1.74205E-07,1.74205E-07,1.41E-09,6.72E-08,6.72E-08,1.39E-08,1.39E-08,6.64E-10,6.64E-10,5.20E-08,5.1952E-08
0.068,2.64E-16,9.84E-14,4.56E-12,6.29E-10,3.42E-08,8.77E-08,8.77E-08,2.03E-05,2.03E-05,4.12E-04,4.12E-04,0.0422292,0.613296,0.343597,5.93815E-06,5.93815E-06,2.30993E-07,2.30993E-07,1.98E-09,8.77E-08,8.77E-08,1.94E-08,1.94E-08,9.27E-10,9.27E-10,6.89E-08,6.88715E-08
0.072,4.54E-16,1.60E-13,7.01E-12,9.11E-10,4.66E-08,1.13E-07,1.13E-07,2.50E-05,2.50E-05,4.77E-04,4.77E-04,0.0461281,0.629586,0.323266,0.000007294,0.000007294,3.01053E-07,3.01053E-07,2.71E-09,1.13E-07,1.13E-07,2.65E-08,2.65E-08,1.27E-09,1.27E-09,8.97E-08,8.9741E-08
0.076,7.56E-16,2.54E-13,1.05E-11,1.29E-09,6.24E-08,1.42E-07,1.42E-07,3.03E-05,3.03E-05,5.48E-04,5.48E-04,0.0500847,0.644516,0.304222,0.00000885,0.00000885,3.8637E-07,3.8637E-07,3.65E-09,1.42E-07,1.42E-07,3.55E-08,3.55E-08,1.70E-09,1.70E-09,1.15E-07,1.15151E-07
0.08,1.23E-15,3.92E-13,1.54E-11,1.79E-09,8.23E-08,1.78E-07,1.78E-07,3.64E-05,3.64E-05,6.24E-04,6.24E-04,0.054089,0.658182,0.286385,1.06204E-05,1.06204E-05,4.89072E-07,4.89072E-07,4.84E-09,1.78E-07,1.78E-07,4.69E-08,4.69E-08,2.25E-09,2.25E-09,1.46E-07,1.45733E-07
0.084,1.94E-15,5.92E-13,2.21E-11,2.45E-09,1.07E-07,2.19E-07,2.19E-07,4.34E-05,4.34E-05,7.06E-04,7.06E-04,0.0581313,0.670667,0.269676,1.26191E-05,1.26191E-05,6.11415E-07,6.11415E-07,6.31E-09,2.19E-07,2.19E-07,6.09E-08,6.09E-08,2.92E-09,2.92E-09,1.82E-07,1.82158E-07
0.088,2.99E-15,8.77E-13,3.11E-11,3.29E-09,1.37E-07,2.67E-07,2.67E-07,5.12E-05,5.12E-05,7.92E-04,7.92E-04,0.062203,0.682053,0.254024,1.48596E-05,1.48596E-05,7.5579E-07,7.5579E-07,8.13E-09,2.67E-07,2.67E-07,7.82E-08,7.82E-08,3.75E-09,3.75E-09,2.25E-07,2.25138E-07
0.092,4.53E-15,1.27E-12,4.32E-11,4.36E-09,1.73E-07,3.22E-07,3.22E-07,5.98E-05,5.98E-05,8.84E-04,8.84E-04,0.0662959,0.692416,0.239361,1.73551E-05,1.73551E-05,9.24705E-07,9.24705E-07,1.03E-08,3.22E-07,3.22E-07,9.91E-08,9.91E-08,4.75E-09,4.75E-09,2.75E-07,2.7542E-07
0.096,6.73E-15,1.82E-12,5.91E-11,5.71E-09,2.17E-07,3.84E-07,3.84E-07,6.95E-05,6.95E-05,9.82E-04,9.82E-04,0.0704027,0.701825,0.225625,2.01186E-05,2.01186E-05,1.1208E-06,1.1208E-06,1.30E-08,3.85E-07,3.85E-07,1.24E-07,1.24E-07,5.96E-09,5.96E-09,3.34E-07,3.33788E-07
0.1,9.83E-15,2.56E-12,7.96E-11,7.37E-09,2.68E-07,4.56E-07,4.56E-07,8.01E-05,8.01E-05,1.08E-03,1.08E-03,0.0745166,0.710347,0.212756,2.31624E-05,2.31624E-05,1.34681E-06,1.34681E-06,1.62E-08,4.56E-07,4.56E-07,1.54E-07,1.54E-07,7.39E-09,7.39E-09,4.01E-07,4.01059E-07
0.104,1.41E-14,3.55E-12,1.06E-10,9.42E-09,3.29E-07,5.36E-07,5.36E-07,9.18E-05,9.18E-05,1.19E-03,1.19E-03,0.0786312,0.718043,0.2007,2.64987E-05,2.64987E-05,1.60561E-06,1.60561E-06,1.99E-08,5.36E-07,5.36E-07,1.89E-07,1.89E-07,9.08E-09,9.08E-09,4.78E-07,4.78084E-07
0.108,2.00E-14,4.86E-12,1.39E-10,1.19E-08,4.00E-07,6.25E-07,6.25E-07,1.05E-04,1.05E-04,1.30E-03,1.30E-03,0.0827409,0.724971,0.189404,0.000030139,0.000030139,1.90015E-06,1.90015E-06,2.44E-08,6.26E-07,6.26E-07,2.31E-07,2.31E-07,1.11E-08,1.11E-08,5.66E-07,5.65745E-07
0.112,2.80E-14,6.57E-12,1.82E-10,1.49E-08,4.83E-07,7.25E-07,7.25E-07,1.18E-04,1.18E-04,1.42E-03,1.42E-03,0.0868404,0.731184,0.17882,3.40945E-05,3.40945E-05,2.23349E-06,2.23349E-06,2.95E-08,7.25E-07,7.25E-07,2.79E-07,2.79E-07,1.34E-08,1.34E-08,6.65E-07,6.6496E-07
0.116,3.86E-14,8.78E-12,2.34E-10,1.86E-08,5.78E-07,8.36E-07,8.36E-07,1.34E-04,1.34E-04,1.54E-03,1.54E-03,0.0909248,0.736732,0.168903,3.83758E-05,3.83758E-05,2.60877E-06,2.60877E-06,3.55E-08,8.36E-07,8.36E-07,3.34E-07,3.34E-07,1.60E-08,1.60E-08,7.77E-07,7.7666E-07
0.12,5.26E-14,1.16E-11,2.98E-10,2.29E-08,6.88E-07,9.58E-07,9.58E-07,1.50E-04,1.50E-04,1.67E-03,1.67E-03,0.0949899,0.741663,0.15961,4.29931E-05,4.29931E-05,3.02924E-06,3.02924E-06,4.24E-08,9.58E-07,9.58E-07,3.98E-07,3.98E-07,1.91E-08,1.91E-08,9.02E-07,9.0182E-07
0.124,7.10E-14,1.52E-11,3.78E-10,2.80E-08,8.13E-07,1.09E-06,1.09E-06,1.67E-04,1.67E-04,1.80E-03,1.80E-03,0.0990315,0.746021,0.150901,4.79561E-05,4.79561E-05,3.49822E-06,3.49822E-06,5.03E-08,1.09E-06,1.09E-06,4.71E-07,4.71E-07,2.26E-08,2.26E-08,1.04E-06,1.04143E-06
0.128,9.47E-14,1.97E-11,4.74E-10,3.40E-08,9.54E-07,1.24E-06,1.24E-06,1.86E-04,1.86E-04,1.94E-03,1.94E-03,0.103046,0.749845,0.14274,0.000053274,0.000053274,4.01908E-06,4.01908E-06,5.94E-08,1.24E-06,1.24E-06,5.55E-07,5.55E-07,2.66E-08,2.66E-08,1.20E-06,1.19649E-06
0.132,1.25E-13,2.54E-11,5.90E-10,4.09E-08,1.11E-06,1.40E-06,1.40E-06,2.06E-04,2.06E-04,2.08E-03,2.08E-03,0.10703,0.753175,0.135092,0.000058955,0.000058955,4.59529E-06,4.59529E-06,6.96E-08,1.40E-06,1.40E-06,6.49E-07,6.49E-07,3.11E-08,3.11E-08,1.37E-06,1.36806E-06
0.136,1.64E-13,3.24E-11,7.29E-10,4.91E-08,1.29E-06,1.57E-06,1.57E-06,2.28E-04,2.28E-04,2.22E-03,2.22E-03,0.110981,0.756046,0.127924,0.000065008,0.000065008,5.23035E-06,5.23035E-06,8.12E-08,1.57E-06,1.57E-06,7.55E-07,7.55E-07,3.61E-08,3.61E-08,1.56E-06,1.55718E-06
0.14,2.13E-13,4.10E-11,8.95E-10,5.85E-08,1.50E-06,1.76E-06,1.76E-06,2.51E-04,2.51E-04,2.37E-03,2.37E-03,0.114896,0.758492,0.121204,7.14405E-05,7.14405E-05,5.9279E-06,5.9279E-06,9.42E-08,1.76E-06,1.76E-06,8.73E-07,8.73E-07,4.18E-08,4.18E-08,1.76E-06,1.76492E-06
0.144,2.74E-13,5.15E-11,1.09E-09,6.92E-08,1.72E-06,1.96E-06,1.96E-06,2.75E-04,2.75E-04,2.52E-03,2.52E-03,0.118772,0.760544,0.114906,0.000078259,0.000078259,6.6915E-06,6.6915E-06,1.09E-07,1.96E-06,1.96E-06,1.01E-06,1.01E-06,4.81E-08,4.81E-08,1.99E-06,1.99238E-06
0.148,3.51E-13,6.43E-11,1.32E-09,8.16E-08,1.97E-06,2.18E-06,2.18E-06,3.01E-04,3.01E-04,2.68E-03,2.68E-03,0.122608,0.76223,0.109002,0.000085471,0.000085471,7.52485E-06,7.52485E-06,1.25E-07,2.18E-06,2.18E-06,1.15E-06,1.15E-06,5.52E-08,5.52E-08,2.24E-06,2.24067E-06
0.152,4.45E-13,7.97E-11,1.60E-09,9.57E-08,2.25E-06,2.41E-06,2.41E-06,3.28E-04,3.28E-04,2.84E-03,2.84E-03,0.126401,0.763578,0.103467,9.30825E-05,9.30825E-05,8.43165E-06,8.43165E-06,1.43E-07,2.41E-06,2.41E-06,1.32E-06,1.32E-06,6.30E-08,6.30E-08,2.51E-06,2.51089E-06
0.156,5.61E-13,9.83E-11,1.92E-09,1.12E-07,2.55E-06,2.66E-06,2.66E-06,3.57E-04,3.57E-04,3.00E-03,3.00E-03,0.13015,0.764613,0.0982778,0.000101099,0.000101099,9.4156E-06,9.4156E-06,1.63E-07,2.66E-06,2.66E-06,1.50E-06,1.50E-06,7.16E-08,7.16E-08,2.80E-06,2.80418E-06
0.16,7.03E-13,1.20E-10,2.28E-09,1.30E-07,2.89E-06,2.93E-06,2.93E-06,3.88E-04,3.88E-04,3.17E-03,3.17E-03,0.133853,0.76536,0.0934121,0.000109526,0.000109526,1.04806E-05,1.04806E-05,1.85E-07,2.93E-06,2.93E-06,1.70E-06,1.70E-06,8.11E-08,8.11E-08,3.12E-06,3.12169E-06
0.164,8.75E-13,1.47E-10,2.71E-09,1.50E-07,3.25E-06,3.21E-06,3.21E-06,4.20E-04,4.20E-04,3.34E-03,3.34E-03,0.137509,0.765839,0.0888495,0.000118368,0.000118368,1.16303E-05,1.16303E-05,2.09E-07,3.21E-06,3.21E-06,1.92E-06,1.92E-06,9.15E-08,9.15E-08,3.46E-06,3.46455E-06
0.168,1.08E-12,1.78E-10,3.20E-09,1.73E-07,3.65E-06,3.51E-06,3.51E-06,4.53E-04,4.53E-04,3.51E-03,3.51E-03,0.141117,0.766072,0.0845708,0.000127629,0.000127629,1.28686E-05,1.28686E-05,2.36E-07,3.51E-06,3.51E-06,2.16E-06,2.16E-06,1.03E-07,1.03E-07,3.83E-06,3.83393E-06
0.172,1.33E-12,2.15E-10,3.77E-09,1.98E-07,4.09E-06,3.83E-06,3.83E-06,4.88E-04,4.88E-04,3.69E-03,3.69E-03,0.144675,0.766078,0.080558,0.000137313,0.000137313,1.41992E-05,1.41992E-05,2.65E-07,3.83E-06,3.83E-06,2.42E-06,2.42E-06,1.15E-07,1.15E-07,4.23E-06,4.23099E-06
0.176,1.63E-12,2.58E-10,4.42E-09,2.27E-07,4.57E-06,4.17E-06,4.17E-06,5.25E-04,5.25E-04,3.87E-03,3.87E-03,0.148183,0.765874,0.0767943,0.000147424,0.000147424,1.56261E-05,1.56261E-05,2.97E-07,4.17E-06,4.17E-06,2.71E-06,2.71E-06,1.29E-07,1.29E-07,4.66E-06,4.65689E-06
0.18,1.99E-12,3.08E-10,5.15E-09,2.59E-07,5.08E-06,4.52E-06,4.52E-06,5.63E-04,5.63E-04,4.05E-03,4.05E-03,0.151641,0.765477,0.0732637,0.000157964,0.000157964,1.71531E-05,1.71531E-05,3.31E-07,4.52E-06,4.52E-06,3.02E-06,3.02E-06,1.43E-07,1.43E-07,5.11E-06,5.1128E-06
0.184,2.41E-12,3.66E-10,5.99E-09,2.94E-07,5.64E-06,4.90E-06,4.90E-06,6.04E-04,6.04E-04,4.24E-03,4.24E-03,0.155046,0.764904,0.0699516,0.000168937,0.000168937,1.87839E-05,1.87839E-05,3.69E-07,4.90E-06,4.90E-06,3.35E-06,3.35E-06,1.59E-07,1.59E-07,5.60E-06,5.5999E-06
0.188,2.90E-12,4.34E-10,6.93E-09,3.33E-07,6.25E-06,5.29E-06,5.29E-06,6.45E-04,6.45E-04,4.42E-03,4.42E-03,0.1584,0.764168,0.0668441,0.000180343,0.000180343,2.05225E-05,2.05225E-05,4.10E-07,5.29E-06,5.29E-06,3.72E-06,3.72E-06,1.77E-07,1.77E-07,6.12E-06,6.1194E-06
0.192,3.49E-12,5.12E-10,8.00E-09,3.75E-07,6.90E-06,5.70E-06,5.70E-06,6.89E-04,6.89E-04,4.61E-03,4.61E-03,0.161701,0.763283,0.0639283,0.000192186,0.000192186,2.23726E-05,2.23726E-05,4.53E-07,5.71E-06,5.71E-06,4.11E-06,4.11E-06,1.95E-07,1.95E-07,6.67E-06,6.6724E-06
0.196,4.17E-12,6.02E-10,9.20E-09,4.22E-07,7.59E-06,6.14E-06,6.14E-06,7.34E-04,7.34E-04,4.81E-03,4.81E-03,0.16495,0.762261,0.061192,0.000204466,0.000204466,0.000024338,0.000024338,5.01E-07,6.14E-06,6.14E-06,4.54E-06,4.54E-06,2.15E-07,2.15E-07,7.26E-06,7.2601E-06
0.2,4.97E-12,7.05E-10,1.05E-08,4.74E-07,8.34E-06,6.59E-06,6.59E-06,7.81E-04,7.81E-04,5.00E-03,5.00E-03,0.168146,0.761115,0.0586238,0.000217184,0.000217184,2.64226E-05,2.64226E-05,5.52E-07,6.60E-06,6.60E-06,4.99E-06,4.99E-06,2.36E-07,2.36E-07,7.88E-06,7.8837E-06
0.204,5.89E-12,8.23E-10,1.20E-08,5.31E-07,9.15E-06,7.07E-06,7.07E-06,8.29E-04,8.29E-04,5.20E-03,5.20E-03,0.171289,0.759854,0.0562132,0.000230342,0.000230342,0.00002863,0.00002863,6.07E-07,7.07E-06,7.07E-06,5.48E-06,5.48E-06,2.59E-07,2.59E-07,8.54E-06,8.5443E-06
0.208,6.97E-12,9.57E-10,1.37E-08,5.92E-07,1.00E-05,7.56E-06,7.56E-06,8.79E-04,8.79E-04,5.40E-03,5.40E-03,0.17438,0.758491,0.0539501,0.000243938,0.000243938,3.09641E-05,3.09641E-05,6.65E-07,7.57E-06,7.57E-06,6.00E-06,6.00E-06,2.84E-07,2.84E-07,9.24E-06,9.24315E-06
0.212,8.20E-12,1.11E-09,1.56E-08,6.60E-07,1.09E-05,8.08E-06,8.08E-06,9.31E-04,9.31E-04,5.60E-03,5.60E-03,0.177417,0.757033,0.0518253,0.000257974,0.000257974,3.34285E-05,3.34285E-05,7.28E-07,8.09E-06,8.09E-06,6.56E-06,6.56E-06,3.10E-07,3.10E-07,9.98E-06,9.98135E-06
0.216,9.63E-12,1.28E-09,1.77E-08,7.33E-07,1.19E-05,8.62E-06,8.62E-06,9.85E-04,9.85E-04,5.80E-03,5.80E-03,0.180402,0.755489,0.04983,0.000272448,0.000272448,3.60269E-05,3.60269E-05,7.95E-07,8.63E-06,8.63E-06,7.16E-06,7.16E-06,3.38E-07,3.38E-07,1.08E-05,1.07601E-05
0.22,1.13E-11,1.48E-09,2.00E-08,8.12E-07,1.29E-05,9.18E-06,9.18E-06,1.04E-03,1.04E-03,6.01E-03,6.01E-03,0.183334,0.753868,0.047956,0.000287361,0.000287361,3.87629E-05,3.87629E-05,8.67E-07,9.19E-06,9.19E-06,7.80E-06,7.80E-06,3.68E-07,3.68E-07,1.16E-05,1.15804E-05
0.224,1.31E-11,1.70E-09,2.25E-08,8.98E-07,1.40E-05,9.76E-06,9.76E-06,1.10E-03,1.10E-03,6.22E-03,6.22E-03,0.186214,0.752178,0.0461957,0.000302711,0.000302711,4.16402E-05,4.16402E-05,9.43E-07,9.77E-06,9.77E-06,8.48E-06,8.48E-06,3.99E-07,3.99E-07,1.24E-05,1.24436E-05
0.228,1.53E-11,1.95E-09,2.53E-08,9.91E-07,1.52E-05,1.04E-05,1.04E-05,1.16E-03,1.16E-03,6.42E-03,6.42E-03,0.189041,0.750425,0.044542,0.000318497,0.000318497,4.46623E-05,4.46623E-05,1.02E-06,1.04E-05,1.04E-05,9.20E-06,9.20E-06,4.33E-07,4.33E-07,1.34E-05,1.33507E-05
0.232,1.77E-11,2.22E-09,2.84E-08,1.09E-06,1.64E-05,1.10E-05,1.10E-05,1.22E-03,1.22E-03,6.63E-03,6.63E-03,0.191817,0.748617,0.0429881,0.000334717,0.000334717,4.78328E-05,4.78328E-05,1.11E-06,1.10E-05,1.10E-05,9.96E-06,9.96E-06,4.68E-07,4.68E-07,1.43E-05,1.43028E-05
0.236,2.04E-11,2.53E-09,3.17E-08,1.20E-06,1.78E-05,1.16E-05,1.16E-05,1.28E-03,1.28E-03,6.84E-03,6.84E-03,0.194542,0.746758,0.0415276,0.00035137,0.00035137,0.000051155,0.000051155,1.20E-06,1.17E-05,1.17E-05,1.08E-05,1.08E-05,5.06E-07,5.06E-07,1.53E-05,0.000015301
0.24,2.35E-11,2.88E-09,3.54E-08,1.32E-06,1.91E-05,1.23E-05,1.23E-05,1.34E-03,1.34E-03,7.06E-03,7.06E-03,0.197215,0.744855,0.0401549,0.000368453,0.000368453,5.46325E-05,5.46325E-05,1.30E-06,1.23E-05,1.23E-05,1.16E-05,1.16E-05,5.45E-07,5.45E-07,1.63E-05,1.63465E-05
0.244,2.70E-11,3.27E-09,3.95E-08,1.44E-06,2.06E-05,1.30E-05,1.30E-05,1.41E-03,1.41E-03,7.27E-03,7.27E-03,0.199838,0.742913,0.0388642,0.000385965,0.000385965,5.82685E-05,5.82685E-05,1.40E-06,1.30E-05,1.30E-05,1.25E-05,1.25E-05,5.87E-07,5.87E-07,1.74E-05,1.74403E-05
0.248,3.10E-11,3.70E-09,4.39E-08,1.58E-06,2.21E-05,1.37E-05,1.37E-05,1.48E-03,1.48E-03,7.48E-03,7.48E-03,0.202411,0.740938,0.0376506,0.000403902,0.000403902,6.20665E-05,6.20665E-05,1.51E-06,1.37E-05,1.37E-05,1.35E-05,1.35E-05,6.31E-07,6.31E-07,1.86E-05,1.85835E-05
0.252,3.54E-11,4.18E-09,4.87E-08,1.72E-06,2.38E-05,1.45E-05,1.45E-05,1.55E-03,1.55E-03,7.70E-03,7.70E-03,0.204935,0.738932,0.0365091,0.000422262,0.000422262,0.00006603,0.00006603,1.62E-06,1.45E-05,1.45E-05,1.45E-05,1.45E-05,6.77E-07,6.77E-07,1.98E-05,1.97772E-05
0.256,4.04E-11,4.70E-09,5.40E-08,1.87E-06,2.55E-05,1.52E-05,1.52E-05,1.62E-03,1.62E-03,7.92E-03,7.92E-03,0.207409,0.736901,0.0354352,0.000441043,0.000441043,7.01615E-05,7.01615E-05,1.74E-06,1.52E-05,1.52E-05,1.56E-05,1.56E-05,7.26E-07,7.26E-07,2.10E-05,2.10224E-05
0.26,4.60E-11,5.29E-09,5.96E-08,2.04E-06,2.72E-05,1.60E-05,1.60E-05,1.69E-03,1.69E-03,8.13E-03,8.13E-03,0.209835,0.734849,0.0344247,0.00046024,0.00046024,0.000074465,0.000074465,1.87E-06,1.60E-05,1.60E-05,1.67E-05,1.67E-05,7.77E-07,7.77E-07,2.23E-05,2.23201E-05
0.264,5.22E-11,5.93E-09,6.58E-08,2.21E-06,2.91E-05,1.68E-05,1.68E-05,1.77E-03,1.77E-03,8.35E-03,8.35E-03,0.212212,0.732779,0.0334736,0.000479851,0.000479851,0.000078943,0.000078943,2.00E-06,1.68E-05,1.68E-05,1.79E-05,1.79E-05,8.31E-07,8.31E-07,2.37E-05,2.36715E-05
0.268,5.91E-11,6.64E-09,7.25E-08,2.40E-06,3.11E-05,1.76E-05,1.76E-05,1.84E-03,1.84E-03,8.57E-03,8.57E-03,0.214543,0.730694,0.0325782,0.000499872,0.000499872,8.35985E-05,8.35985E-05,2.14E-06,1.77E-05,1.77E-05,1.91E-05,1.91E-05,8.88E-07,8.88E-07,2.51E-05,2.50773E-05
0.272,6.68E-11,7.42E-09,7.97E-08,2.60E-06,3.31E-05,1.85E-05,1.85E-05,1.92E-03,1.92E-03,8.79E-03,8.79E-03,0.216826,0.728598,0.031735,0.0005203,0.0005203,0.000088435,0.000088435,2.28E-06,1.85E-05,1.85E-05,2.04E-05,2.04E-05,9.46E-07,9.46E-07,2.65E-05,2.65388E-05
0.276,7.53E-11,8.27E-09,8.75E-08,2.81E-06,3.53E-05,1.94E-05,1.94E-05,2.00E-03,2.00E-03,9.01E-03,9.01E-03,0.219063,0.726493,0.0309408,0.00054113,0.00054113,0.000093455,0.000093455,2.44E-06,1.94E-05,1.94E-05,2.17E-05,2.17E-05,1.01E-06,1.01E-06,2.81E-05,2.80568E-05
0.28,8.48E-11,9.21E-09,9.59E-08,3.03E-06,3.75E-05,2.03E-05,2.03E-05,2.08E-03,2.08E-03,9.23E-03,9.23E-03,0.221255,0.724381,0.0301925,0.00056236,0.00056236,9.86615E-05,9.86615E-05,2.59E-06,2.03E-05,2.03E-05,2.32E-05,2.32E-05,1.07E-06,1.07E-06,2.96E-05,2.96323E-05
0.284,9.52E-11,1.02E-08,1.05E-07,3.27E-06,3.99E-05,2.12E-05,2.12E-05,2.16E-03,2.16E-03,9.45E-03,9.45E-03,0.223402,0.722266,0.0294873,0.00058398,0.00058398,0.000104057,0.000104057,2.76E-06,2.12E-05,2.12E-05,2.46E-05,2.46E-05,1.14E-06,1.14E-06,3.13E-05,3.12663E-05
0.288,1.07E-10,1.14E-08,1.15E-07,3.52E-06,4.23E-05,2.21E-05,2.21E-05,2.25E-03,2.25E-03,9.67E-03,9.67E-03,0.225504,0.72015,0.0288224,0.000605995,0.000605995,0.000109645,0.000109645,2.94E-06,2.22E-05,2.22E-05,2.62E-05,2.62E-05,1.21E-06,1.21E-06,3.30E-05,3.29596E-05
0.292,1.19E-10,1.26E-08,1.25E-07,3.79E-06,4.49E-05,2.31E-05,2.31E-05,2.33E-03,2.33E-03,9.89E-03,9.89E-03,0.227562,0.718034,0.0281954,0.000628395,0.000628395,0.000115427,0.000115427,3.12E-06,2.31E-05,2.31E-05,2.78E-05,2.78E-05,1.28E-06,1.28E-06,3.47E-05,3.47133E-05
0.296,1.33E-10,1.39E-08,1.36E-07,4.07E-06,4.75E-05,2.41E-05,2.41E-05,2.42E-03,2.42E-03,1.01E-02,1.01E-02,0.229577,0.71592,0.0276039,0.00065118,0.00065118,0.000121407,0.000121407,3.31E-06,2.41E-05,2.41E-05,2.95E-05,2.95E-05,1.36E-06,1.36E-06,3.65E-05,3.65282E-05
0.3,1.49E-10,1.54E-08,1.48E-07,4.36E-06,5.03E-05,2.51E-05,2.51E-05,2.51E-03,2.51E-03,1.03E-02,1.03E-02,0.23155,0.71381,0.0270457,0.000674335,0.000674335,0.000127586,0.000127586,3.50E-06,2.51E-05,2.51E-05,3.12E-05,3.12E-05,1.44E-06,1.44E-06,3.84E-05,3.84052E-05
0.304,1.66E-10,1.69E-08,1.61E-07,4.68E-06,5.31E-05,2.61E-05,2.61E-05,2.60E-03,2.60E-03,1.06E-02,1.06E-02,0.233481,0.711706,0.0265188,0.00069787,0.00069787,0.000133967,0.000133967,3.71E-06,2.62E-05,2.62E-05,3.31E-05,3.31E-05,1.52E-06,1.52E-06,4.03E-05,4.03451E-05
0.308,1.84E-10,1.86E-08,1.75E-07,5.00E-06,5.61E-05,2.72E-05,2.72E-05,2.70E-03,2.70E-03,1.08E-02,1.08E-02,0.235371,0.709609,0.0260212,0.000721765,0.000721765,0.000140553,0.000140553,3.92E-06,2.72E-05,2.72E-05,3.50E-05,3.50E-05,1.61E-06,1.61E-06,4.23E-05,4.23489E-05
0.312,2.04E-10,2.05E-08,1.90E-07,5.35E-06,5.92E-05,2.82E-05,2.82E-05,2.79E-03,2.79E-03,1.10E-02,1.10E-02,0.23722,0.70752,0.0255511,0.00074603,0.00074603,0.000147346,0.000147346,4.15E-06,2.83E-05,2.83E-05,3.70E-05,3.70E-05,1.69E-06,1.69E-06,4.44E-05,4.44173E-05
0.316,2.26E-10,2.25E-08,2.05E-07,5.72E-06,6.24E-05,2.93E-05,2.93E-05,2.89E-03,2.89E-03,1.12E-02,1.12E-02,0.239029,0.705441,0.0251068,0.00077065,0.00077065,0.000154347,0.000154347,4.38E-06,2.94E-05,2.94E-05,3.90E-05,3.90E-05,1.79E-06,1.79E-06,4.66E-05,4.65512E-05
0.32,2.50E-10,2.46E-08,2.22E-07,6.10E-06,6.57E-05,3.05E-05,3.05E-05,2.98E-03,2.98E-03,1.14E-02,1.14E-02,0.240799,0.703373,0.0246868,0.00079562,0.00079562,0.00016156,0.00016156,4.61E-06,3.05E-05,3.05E-05,4.12E-05,4.12E-05,1.88E-06,1.88E-06,4.88E-05,4.87513E-05
0.324,2.77E-10,2.70E-08,2.40E-07,6.50E-06,6.92E-05,3.16E-05,3.16E-05,3.08E-03,3.08E-03,1.17E-02,1.17E-02,0.242531,0.701315,0.0242895,0.000820945,0.000820945,0.000168987,0.000168987,4.86E-06,3.17E-05,3.17E-05,4.34E-05,4.34E-05,1.98E-06,1.98E-06,5.10E-05,5.10185E-05
0.328,3.05E-10,2.95E-08,2.58E-07,6.92E-06,7.28E-05,3.28E-05,3.28E-05,3.18E-03,3.18E-03,1.19E-02,1.19E-02,0.244224,0.699271,0.0239135,0.00084661,0.00084661,0.000176629,0.000176629,5.12E-06,3.28E-05,3.28E-05,4.57E-05,4.57E-05,2.08E-06,2.08E-06,5.34E-05,5.33535E-05
0.332,3.36E-10,3.22E-08,2.78E-07,7.36E-06,7.64E-05,3.39E-05,3.39E-05,3.29E-03,3.29E-03,1.21E-02,1.21E-02,0.24588,0.69724,0.0235577,0.00087261,0.00087261,0.000184488,0.000184488,5.39E-06,3.40E-05,3.40E-05,4.81E-05,4.81E-05,2.19E-06,2.19E-06,5.58E-05,0.000055757
0.336,3.69E-10,3.51E-08,3.00E-07,7.83E-06,8.03E-05,3.52E-05,3.52E-05,3.39E-03,3.39E-03,1.23E-02,1.23E-02,0.247499,0.695222,0.0232206,0.000898945,0.000898945,0.000192566,0.000192566,5.66E-06,3.52E-05,3.52E-05,5.05E-05,5.05E-05,2.30E-06,2.30E-06,5.82E-05,0.00005823
0.34,4.06E-10,3.82E-08,3.22E-07,8.31E-06,8.42E-05,3.64E-05,3.64E-05,3.49E-03,3.49E-03,1.25E-02,1.25E-02,0.249082,0.693219,0.0229012,0.00092561,0.00092561,0.000200866,0.000200866,5.95E-06,3.65E-05,3.65E-05,5.31E-05,5.31E-05,2.41E-06,2.41E-06,6.08E-05,0.000060773
0.344,4.45E-10,4.15E-08,3.46E-07,8.82E-06,8.83E-05,3.76E-05,3.76E-05,3.60E-03,3.60E-03,1.28E-02,1.28E-02,0.250629,0.691232,0.0225984,0.000952595,0.000952595,0.000209389,0.000209389,6.24E-06,3.77E-05,3.77E-05,5.57E-05,5.57E-05,2.53E-06,2.53E-06,6.34E-05,0.000063387
0.348,4.87E-10,4.51E-08,3.71E-07,9.35E-06,9.25E-05,3.89E-05,3.89E-05,3.71E-03,3.71E-03,1.30E-02,1.30E-02,0.252142,0.68926,0.0223113,0.000979895,0.000979895,0.000218136,0.000218136,6.54E-06,3.90E-05,3.90E-05,5.85E-05,5.85E-05,2.65E-06,2.65E-06,6.61E-05,0.000066072
0.352,5.33E-10,4.90E-08,3.98E-07,9.90E-06,9.68E-05,4.02E-05,4.02E-05,3.82E-03,3.82E-03,1.32E-02,1.32E-02,0.25362,0.687304,0.0220388,0.00100751,0.00100751,0.000227109,0.000227109,6.86E-06,4.03E-05,4.03E-05,6.13E-05,6.13E-05,2.77E-06,2.77E-06,6.88E-05,6.88295E-05
0.356,5.83E-10,5.31E-08,4.26E-07,1.05E-05,0.000101252,4.15041E-05,4.15041E-05,0.00392851,0.00392851,0.0134132,0.0134132,0.255065,0.685365,0.02178,0.00103543,0.00103543,0.00023631,0.00023631,7.18E-06,4.16E-05,4.16E-05,6.42E-05,6.42E-05,2.90E-06,2.90E-06,7.17E-05,7.16595E-05
0.36,6.36E-10,5.75E-08,4.56E-07,1.11E-05,0.00010585,4.28355E-05,4.28355E-05,0.004040595,0.004040595,0.0136303,0.0136303,0.256476,0.683443,0.0215342,0.001063655,0.001063655,0.00024574,0.00024574,7.51E-06,4.30E-05,4.30E-05,6.72E-05,6.72E-05,3.03E-06,3.03E-06,7.46E-05,7.45625E-05
0.364,6.93E-10,6.22E-08,4.87E-07,1.17E-05,0.000110585,0.000044187,0.000044187,0.00415404,0.00415404,0.0138468,0.0138468,0.257855,0.681537,0.0213006,0.00109217,0.00109217,0.000255401,0.000255401,7.86E-06,4.43E-05,4.43E-05,7.03E-05,7.03E-05,3.17E-06,3.17E-06,7.75E-05,0.00007754
0.368,7.55E-10,6.72E-08,5.20E-07,1.24E-05,0.000115459,4.55585E-05,4.55585E-05,0.004268835,0.004268835,0.01406265,0.01406265,0.259203,0.67965,0.0210784,0.00112098,0.00112098,0.000265294,0.000265294,8.21E-06,4.57E-05,4.57E-05,7.35E-05,7.35E-05,3.31E-06,3.31E-06,8.06E-05,0.000080592
0.372,8.21E-10,7.26E-08,5.55E-07,1.30E-05,0.000120472,4.69498E-05,4.69498E-05,0.00438495,0.00438495,0.0142778,0.0142778,0.260518,0.677779,0.020867,0.001150075,0.001150075,0.00027542,0.00027542,8.58E-06,4.71E-05,4.71E-05,7.68E-05,7.68E-05,3.45E-06,3.45E-06,8.37E-05,0.000083719
0.376,8.92E-10,7.83E-08,5.92E-07,1.37E-05,0.000125628,4.83605E-05,4.83605E-05,0.004502375,0.004502375,0.0144923,0.0144923,0.261803,0.675927,0.0206657,0.00117945,0.00117945,0.00028578,0.00028578,8.95E-06,4.85E-05,4.85E-05,8.02E-05,8.02E-05,3.60E-06,3.60E-06,8.69E-05,0.000086922
0.38,9.68E-10,8.43E-08,6.30E-07,1.45E-05,0.000130927,4.97907E-05,4.97907E-05,0.00462109,0.00462109,0.0147061,0.0147061,0.263058,0.674092,0.0204739,0.0012091,0.0012091,0.000296376,0.000296376,9.34E-06,5.00E-05,5.00E-05,8.37E-05,8.37E-05,3.75E-06,3.75E-06,9.02E-05,9.02015E-05
0.384,1.05E-09,9.08E-08,6.71E-07,1.52E-05,0.000136371,0.00005124,0.00005124,0.00474107,0.00474107,0.01491915,0.01491915,0.264283,0.672276,0.020291,0.00123902,0.00123902,0.000307209,0.000307209,9.73E-06,5.14E-05,5.14E-05,8.73E-05,8.73E-05,3.91E-06,3.91E-06,9.36E-05,9.35575E-05
0.388,1.14E-09,9.76E-08,7.13E-07,1.60E-05,0.000141961,0.000052708,0.000052708,0.0048623,0.0048623,0.0151314,0.0151314,0.265479,0.670477,0.0201166,0.001269205,0.001269205,0.00031828,0.00031828,1.01E-05,5.29E-05,5.29E-05,9.10E-05,9.10E-05,4.07E-06,4.07E-06,9.70E-05,0.000096991
0.392,1.23E-09,1.05E-07,7.58E-07,1.69E-05,0.000147698,0.000054195,0.000054195,0.00498476,0.00498476,0.0153429,0.0153429,0.266647,0.668697,0.0199502,0.00129965,0.00129965,0.00032959,0.00032959,1.06E-05,5.44E-05,5.44E-05,9.48E-05,9.48E-05,4.23E-06,4.23E-06,1.01E-04,0.000100503
0.396,1.33E-09,1.13E-07,8.05E-07,1.77E-05,0.000153584,5.57005E-05,5.57005E-05,0.00510845,0.00510845,0.01555355,0.01555355,0.267786,0.666935,0.0197912,0.001330345,0.001330345,0.000341139,0.000341139,1.10E-05,5.59E-05,5.59E-05,9.87E-05,9.87E-05,4.40E-06,4.40E-06,1.04E-04,0.000104092
0.4,1.44E-09,1.21E-07,8.54E-07,1.86E-05,0.000159621,0.000057224,0.000057224,0.0052333,0.0052333,0.01576335,0.01576335,0.268898,0.665191,0.0196392,0.001361295,0.001361295,0.000352929,0.000352929,1.14E-05,5.74E-05,5.74E-05,1.03E-04,1.03E-04,4.57E-06,4.57E-06,1.08E-04,0.000107761
0.404,1.55E-09,1.29E-07,9.05E-07,1.95E-05,0.00016581,5.87655E-05,5.87655E-05,0.00535935,0.00535935,0.0159723,0.0159723,0.269983,0.663465,0.0194939,0.001392485,0.001392485,0.00036496,0.00036496,1.19E-05,5.90E-05,5.90E-05,1.07E-04,1.07E-04,4.75E-06,4.75E-06,1.12E-04,0.000111509
0.408,1.67E-09,1.39E-07,9.59E-07,2.05E-05,0.000172151,0.000060325,0.000060325,0.0054865,0.0054865,0.0161804,0.0161804,0.271042,0.661757,0.0193548,0.001423915,0.001423915,0.000377233,0.000377233,1.23E-05,6.06E-05,6.06E-05,1.11E-04,1.11E-04,4.93E-06,4.93E-06,1.15E-04,0.000115337
0.412,1.80E-09,1.48E-07,1.01E-06,2.14E-05,0.000178647,0.000061902,0.000061902,0.00561485,0.00561485,0.0163876,0.0163876,0.272074,0.660067,0.0192217,0.001455575,0.001455575,0.000389749,0.000389749,1.28E-05,6.22E-05,6.22E-05,1.15E-04,1.15E-04,5.11E-06,5.11E-06,1.19E-04,0.000119244
0.416,1.93E-09,1.59E-07,1.07E-06,2.25E-05,0.000185298,0.000063496,0.000063496,0.00574425,0.00574425,0.01659385,0.01659385,0.273081,0.658395,0.019094,0.00148747,0.00148747,0.000402508,0.000402508,1.33E-05,6.38E-05,6.38E-05,1.20E-04,1.20E-04,5.30E-06,5.30E-06,1.23E-04,0.000123233
0.42,2.08E-09,1.69E-07,1.13E-06,2.35E-05,0.000192106,6.51075E-05,6.51075E-05,0.0058748,0.0058748,0.0167992,0.0167992,0.274063,0.656741,0.0189716,0.001519585,0.001519585,0.000415511,0.000415511,1.38E-05,6.54E-05,6.54E-05,1.24E-04,1.24E-04,5.50E-06,5.50E-06,1.27E-04,0.000127302
0.424,2.23E-09,1.81E-07,1.20E-06,2.46E-05,0.000199071,6.67355E-05,6.67355E-05,0.0060064,0.0060064,0.01700355,0.01700355,0.27502,0.655105,0.0188542,0.00155192,0.00155192,0.000428758,0.000428758,1.43E-05,6.70E-05,6.70E-05,1.29E-04,1.29E-04,5.70E-06,5.70E-06,1.31E-04,0.000131453
0.428,2.40E-09,1.93E-07,1.27E-06,2.57E-05,0.000206196,6.83805E-05,6.83805E-05,0.00613905,0.00613905,0.017207,0.017207,0.275954,0.653486,0.0187414,0.001584465,0.001584465,0.000442251,0.000442251,1.48E-05,6.87E-05,6.87E-05,1.34E-04,1.34E-04,5.90E-06,5.90E-06,1.36E-04,0.000135686
0.432,2.57E-09,2.06E-07,1.34E-06,2.69E-05,0.00021348,0.000070042,0.000070042,0.00627275,0.00627275,0.01740945,0.01740945,0.276864,0.651885,0.018633,0.00161722,0.00161722,0.000455988,0.000455988,1.54E-05,7.04E-05,7.04E-05,1.39E-04,1.39E-04,6.11E-06,6.11E-06,1.40E-04,0.000140001
0.436,2.75E-09,2.19E-07,1.41E-06,2.81E-05,0.000220926,0.000071719,0.000071719,0.00640745,0.00640745,0.0176109,0.0176109,0.27775,0.650301,0.0185287,0.001650185,0.001650185,0.000469971,0.000469971,1.59E-05,7.20E-05,7.20E-05,1.44E-04,1.44E-04,6.32E-06,6.32E-06,1.44E-04,0.000144398
0.44,2.95E-09,2.33E-07,1.48E-06,2.93E-05,0.000228533,7.34125E-05,7.34125E-05,0.00654315,0.00654315,0.01781135,0.01781135,0.278614,0.648734,0.0184284,0.001683345,0.001683345,0.0004842,0.0004842,1.65E-05,7.38E-05,7.38E-05,1.49E-04,1.49E-04,6.54E-06,6.54E-06,1.49E-04,0.000148879
0.444,3.15E-09,2.48E-07,1.56E-06,3.06E-05,0.000236304,7.51215E-05,7.51215E-05,0.0066798,0.0066798,0.0180108,0.0180108,0.279456,0.647184,0.0183318,0.001716695,0.001716695,0.000498674,0.000498674,1.70E-05,7.55E-05,7.55E-05,1.54E-04,1.54E-04,6.76E-06,6.76E-06,1.53E-04,0.000153442
0.448,3.37E-09,2.63E-07,1.65E-06,3.19E-05,0.000244238,7.68455E-05,7.68455E-05,0.00681745,0.00681745,0.01820925,0.01820925,0.280276,0.645652,0.0182387,0.00175024,0.00175024,0.000513395,0.000513395,1.76E-05,7.72E-05,7.72E-05,1.60E-04,1.60E-04,6.98E-06,6.98E-06,1.58E-04,0.000158089
0.452,3.60E-09,2.80E-07,1.73E-06,3.32E-05,0.000252337,0.000078585,0.000078585,0.006956,0.006956,0.0184066,0.0184066,0.281074,0.644135,0.018149,0.00178397,0.00178397,0.00052836,0.00052836,1.82E-05,7.90E-05,7.90E-05,1.65E-04,1.65E-04,7.21E-06,7.21E-06,1.63E-04,0.000162819
0.456,3.84E-09,2.97E-07,1.82E-06,3.46E-05,0.000260603,8.03395E-05,8.03395E-05,0.00709545,0.00709545,0.01860295,0.01860295,0.281852,0.642636,0.0180623,0.00181788,0.00181788,0.000543575,0.000543575,1.88E-05,8.07E-05,8.07E-05,1.71E-04,1.71E-04,7.45E-06,7.45E-06,1.68E-04,0.000167634
0.46,4.10E-09,3.15E-07,1.91E-06,3.60E-05,0.000269034,8.21085E-05,8.21085E-05,0.00723585,0.00723585,0.01879825,0.01879825,0.282609,0.641153,0.0179786,0.001851965,0.001851965,0.000559035,0.000559035,1.94E-05,8.25E-05,8.25E-05,1.77E-04,1.77E-04,7.69E-06,7.69E-06,1.73E-04,0.000172533
0.464,4.37E-09,3.34E-07,2.01E-06,3.75E-05,0.000277634,8.38925E-05,8.38925E-05,0.0073771,0.0073771,0.0189925,0.0189925,0.283346,0.639686,0.0178978,0.001886225,0.001886225,0.000574745,0.000574745,2.00E-05,8.43E-05,8.43E-05,1.82E-04,1.82E-04,7.93E-06,7.93E-06,1.78E-04,0.000177517
0.468,4.66E-09,3.54E-07,2.11E-06,3.90E-05,0.000286401,0.00008569,0.00008569,0.00751925,0.00751925,0.01918565,0.01918565,0.284063,0.638235,0.0178196,0.00192065,0.00192065,0.000590695,0.000590695,2.07E-05,8.61E-05,8.61E-05,1.88E-04,1.88E-04,8.18E-06,8.18E-06,1.83E-04,0.000182585
0.472,4.96E-09,3.75E-07,2.21E-06,4.06E-05,0.000295338,8.75015E-05,8.75015E-05,0.0076622,0.0076622,0.01937775,0.01937775,0.284761,0.636799,0.0177439,0.001955235,0.001955235,0.000606895,0.000606895,2.13E-05,8.80E-05,8.80E-05,1.95E-04,1.95E-04,8.44E-06,8.44E-06,1.88E-04,0.000187738
0.476,5.27E-09,3.97E-07,2.32E-06,4.22E-05,0.000304444,0.000089327,0.000089327,0.00780595,0.00780595,0.01956875,0.01956875,0.285439,0.63538,0.0176706,0.00198998,0.00198998,0.00062334,0.00062334,2.20E-05,8.98E-05,8.98E-05,2.01E-04,2.01E-04,8.70E-06,8.70E-06,1.93E-04,0.000192977
0.48,5.60E-09,4.19E-07,2.43E-06,4.38E-05,0.000313721,0.000091166,0.000091166,0.00795055,0.00795055,0.01975865,0.01975865,0.286099,0.633975,0.0175996,0.00202488,0.00202488,0.00064003,0.00064003,2.27E-05,9.17E-05,9.17E-05,2.07E-04,2.07E-04,8.96E-06,8.96E-06,1.98E-04,0.000198301
0.484,5.95E-09,4.43E-07,2.54E-06,4.55E-05,0.000323169,0.000093018,0.000093018,0.0080959,0.0080959,0.0199475,0.0199475,0.286741,0.632586,0.0175307,0.00205993,0.00205993,0.00065697,0.00065697,2.34E-05,9.35E-05,9.35E-05,2.14E-04,2.14E-04,9.23E-06,9.23E-06,2.04E-04,0.000203711
0.488,6.32E-09,4.68E-07,2.66E-06,4.72E-05,0.000332789,0.000094883,0.000094883,0.00824205,0.00824205,0.0201352,0.0201352,0.287365,0.631212,0.0174639,0.002095125,0.002095125,0.00067415,0.00067415,2.41E-05,9.54E-05,9.54E-05,2.20E-04,2.20E-04,9.50E-06,9.50E-06,2.09E-04,0.000209207
0.492,6.71E-09,4.95E-07,2.79E-06,4.90E-05,0.000342581,0.000096761,0.000096761,0.00838895,0.00838895,0.02032185,0.02032185,0.287971,0.629853,0.017399,0.002130465,0.002130465,0.00069158,0.00069158,2.48E-05,9.73E-05,9.73E-05,2.27E-04,2.27E-04,9.78E-06,9.78E-06,2.15E-04,0.000214789
0.496,7.11E-09,5.22E-07,2.92E-06,5.08E-05,0.000352546,0.000098651,0.000098651,0.00853655,0.00853655,0.0205074,0.0205074,0.288561,0.628508,0.017336,0.00216594,0.00216594,0.00070925,0.00070925,2.55E-05,9.92E-05,9.92E-05,2.34E-04,2.34E-04,1.01E-05,1.01E-05,2.20E-04,0.000220457
0.5,7.54E-09,5.50E-07,3.05E-06,5.27E-05,0.000362685,0.000100554,0.000100554,0.00868485,0.00868485,0.0206918,0.0206918,0.289133,0.627178,0.0172747,0.002201545,0.002201545,0.000727165,0.000727165,2.62E-05,1.01E-04,1.01E-04,2.41E-04,2.41E-04,1.03E-05,1.03E-05,2.26E-04,0.000226212
0.504,7.98E-09,5.80E-07,3.18E-06,5.46E-05,0.000372998,0.000102468,0.000102468,0.00883385,0.00883385,0.02087515,0.02087515,0.289689,0.625862,0.0172151,0.002237285,0.002237285,0.00074533,0.00074533,2.70E-05,1.03E-04,1.03E-04,2.48E-04,2.48E-04,1.06E-05,1.06E-05,2.32E-04,0.000232053
0.508,8.45E-09,6.11E-07,3.33E-06,5.66E-05,0.000383485,0.000104395,0.000104395,0.00898355,0.00898355,0.02105735,0.02105735,0.290229,0.62456,0.017157,0.00227315,0.00227315,0.00076373,0.00076373,2.78E-05,1.05E-04,1.05E-04,2.55E-04,2.55E-04,1.09E-05,1.09E-05,2.38E-04,0.000237981
0.512,8.94E-09,6.44E-07,3.47E-06,5.86E-05,0.000394147,0.000106333,0.000106333,0.0091339,0.0091339,0.02123845,0.02123845,0.290752,0.623271,0.0171005,0.002309135,0.002309135,0.00078238,0.00078238,2.85E-05,1.07E-04,1.07E-04,2.63E-04,2.63E-04,1.12E-05,1.12E-05,2.44E-04,0.000243995
0.516,9.45E-09,6.77E-07,3.62E-06,6.07E-05,0.000404985,0.000108282,0.000108282,0.0092849,0.0092849,0.0214184,0.0214184,0.291261,0.621997,0.0170454,0.00234524,0.00234524,0.000801265,0.000801265,2.93E-05,1.09E-04,1.09E-04,2.70E-04,2.70E-04,1.15E-05,1.15E-05,2.50E-04,0.000250097
0.52,9.99E-09,7.13E-07,3.78E-06,6.28E-05,0.000415998,0.000110242,0.000110242,0.0094365,0.0094365,0.0215973,0.0215973,0.291754,0.620735,0.0169917,0.00238146,0.00238146,0.0008204,0.0008204,3.01E-05,1.11E-04,1.11E-04,2.78E-04,2.78E-04,1.19E-05,1.19E-05,2.56E-04,0.000256285
0.524,1.06E-08,7.49E-07,3.94E-06,6.50E-05,0.000427188,0.000112213,0.000112213,0.0095887,0.0095887,0.02177505,0.02177505,0.292232,0.619487,0.0169393,0.00241779,0.00241779,0.00083977,0.00083977,3.09E-05,1.13E-04,1.13E-04,2.86E-04,2.86E-04,1.22E-05,1.22E-05,2.63E-04,0.000262561
0.528,1.11E-08,7.87E-07,4.11E-06,6.72E-05,0.000438554,0.000114195,0.000114195,0.0097415,0.0097415,0.02195165,0.02195165,0.292695,0.618252,0.0168881,0.00245423,0.00245423,0.000859385,0.000859385,3.18E-05,1.15E-04,1.15E-04,2.94E-04,2.94E-04,1.25E-05,1.25E-05,2.69E-04,0.000268924
0.532,1.18E-08,8.27E-07,4.28E-06,6.95E-05,0.000450097,0.000116187,0.000116187,0.00989485,0.00989485,0.0221272,0.0221272,0.293145,0.617029,0.0168381,0.00249077,0.00249077,0.000879235,0.000879235,3.26E-05,1.17E-04,1.17E-04,3.02E-04,3.02E-04,1.28E-05,1.28E-05,2.75E-04,0.000275374
0.536,1.24E-08,8.68E-07,4.46E-06,7.18E-05,0.000461818,0.000118189,0.000118189,0.0100488,0.0100488,0.0223016,0.0223016,0.29358,0.61582,0.0167893,0.002527415,0.002527415,0.000899325,0.000899325,3.35E-05,1.19E-04,1.19E-04,3.10E-04,3.10E-04,1.31E-05,1.31E-05,2.82E-04,0.000281912
0.54,1.31E-08,9.11E-07,4.64E-06,7.42E-05,0.000473716,0.000120201,0.000120201,0.01020325,0.01020325,0.0224749,0.0224749,0.294001,0.614622,0.0167415,0.002564155,0.002564155,0.000919655,0.000919655,3.43E-05,1.21E-04,1.21E-04,3.18E-04,3.18E-04,1.35E-05,1.35E-05,2.89E-04,0.000288537
0.544,1.38E-08,9.56E-07,4.83E-06,7.66E-05,0.000485792,0.000122223,0.000122223,0.0103582,0.0103582,0.0226471,0.0226471,0.294409,0.613437,0.0166948,0.002600985,0.002600985,0.000940225,0.000940225,3.52E-05,1.23E-04,1.23E-04,3.27E-04,3.27E-04,1.38E-05,1.38E-05,2.95E-04,0.000295249
0.548,1.45E-08,1.00E-06,5.02E-06,7.91E-05,0.000498045,0.000124254,0.000124254,0.0105137,0.0105137,0.02281815,0.02281815,0.294804,0.612264,0.0166491,0.00263791,0.00263791,0.00096103,0.00096103,3.61E-05,1.25E-04,1.25E-04,3.36E-04,3.36E-04,1.42E-05,1.42E-05,3.02E-04,0.000302049
0.552,1.53E-08,1.05E-06,5.22E-06,8.16E-05,0.000510477,0.000126294,0.000126294,0.01066965,0.01066965,0.02298815,0.02298815,0.295186,0.611102,0.0166043,0.00267492,0.00267492,0.00098207,0.00098207,3.70E-05,1.27E-04,1.27E-04,3.44E-04,3.44E-04,1.45E-05,1.45E-05,3.09E-04,0.000308937
0.556,1.60E-08,1.10E-06,5.43E-06,8.42E-05,0.000523087,0.000128344,0.000128344,0.0108261,0.0108261,0.023157,0.023157,0.295555,0.609953,0.0165605,0.002712015,0.002712015,0.001003345,0.001003345,3.79E-05,1.29E-04,1.29E-04,3.53E-04,3.53E-04,1.49E-05,1.49E-05,3.16E-04,0.000315912
0.56,1.69E-08,1.15E-06,5.64E-06,8.69E-05,0.000535876,0.000130402,0.000130402,0.010983,0.010983,0.02332475,0.02332475,0.295912,0.608815,0.0165175,0.00274919,0.00274919,0.001024855,0.001024855,3.88E-05,1.31E-04,1.31E-04,3.62E-04,3.62E-04,1.52E-05,1.52E-05,3.23E-04,0.000322975
0.564,1.77E-08,1.21E-06,5.86E-06,8.96E-05,0.000548843,0.000132469,0.000132469,0.01114035,0.01114035,0.0234914,0.0234914,0.296256,0.607688,0.0164754,0.002786445,0.002786445,0.0010466,0.0010466,3.98E-05,1.33E-04,1.33E-04,3.71E-04,3.71E-04,1.56E-05,1.56E-05,3.30E-04,0.000330126
0.568,1.86E-08,1.26E-06,6.08E-06,9.23E-05,0.00056199,0.000134544,0.000134544,0.0112981,0.0112981,0.02365695,0.02365695,0.296589,0.606572,0.016434,0.002823775,0.002823775,0.001068575,0.001068575,4.07E-05,1.36E-04,1.36E-04,3.81E-04,3.81E-04,1.60E-05,1.60E-05,3.37E-04,0.000337365
0.572,1.96E-08,1.32E-06,6.31E-06,9.52E-05,0.000575315,0.000136628,0.000136628,0.01145625,0.01145625,0.0238214,0.0238214,0.29691,0.605467,0.0163934,0.002861175,0.002861175,0.001090785,0.001090785,4.17E-05,1.38E-04,1.38E-04,3.90E-04,3.90E-04,1.63E-05,1.63E-05,3.45E-04,0.000344691
0.576,2.05E-08,1.38E-06,6.55E-06,9.80E-05,0.000588818,0.000138719,0.000138719,0.01161485,0.01161485,0.0239848,0.0239848,0.297219,0.604373,0.0163536,0.002898645,0.002898645,0.00111322,0.00111322,4.27E-05,1.40E-04,1.40E-04,4.00E-04,4.00E-04,1.67E-05,1.67E-05,3.52E-04,0.000352104
0.58,2.15E-08,1.44E-06,6.80E-06,0.000100983,0.000602501,0.000140818,0.000140818,0.01177375,0.01177375,0.0241471,0.0241471,0.297517,0.603289,0.0163145,0.00293618,0.00293618,0.00113589,0.00113589,4.36E-05,1.42E-04,1.42E-04,4.10E-04,4.10E-04,1.71E-05,1.71E-05,3.60E-04,0.000359606
0.584,2.26E-08,1.51E-06,7.05E-06,0.000103978,0.000616363,0.000142924,0.000142924,0.01193305,0.01193305,0.02430825,0.02430825,0.297805,0.602216,0.0162761,0.00297378,0.00297378,0.001158785,0.001158785,4.46E-05,1.44E-04,1.44E-04,4.19E-04,4.19E-04,1.75E-05,1.75E-05,3.67E-04,0.000367195
0.588,2.37E-08,1.57E-06,7.30E-06,0.000107032,0.000630404,0.000145038,0.000145038,0.0120927,0.0120927,0.0244684,0.0244684,0.298081,0.601153,0.0162383,0.00301144,0.00301144,0.00118191,0.00118191,4.57E-05,1.46E-04,1.46E-04,4.29E-04,4.29E-04,1.79E-05,1.79E-05,3.75E-04,0.000374872
0.592,2.48E-08,1.64E-06,7.57E-06,0.000110146,0.000644623,0.000147159,0.000147159,0.0122527,0.0122527,0.02462745,0.02462745,0.298347,0.6001,0.0162012,0.00304916,0.00304916,0.00120526,0.00120526,4.67E-05,1.48E-04,1.48E-04,4.40E-04,4.40E-04,1.83E-05,1.83E-05,3.83E-04,0.000382636
0.596,2.60E-08,1.71E-06,7.84E-06,0.00011332,0.000659022,0.000149287,0.000149287,0.012413,0.012413,0.0247854,0.0247854,0.298603,0.599057,0.0161646,0.003086935,0.003086935,0.001228835,0.001228835,4.77E-05,1.51E-04,1.51E-04,4.50E-04,4.50E-04,1.87E-05,1.87E-05,3.90E-04,0.000390488
0.6,2.72E-08,1.79E-06,8.12E-06,0.000116554,0.000673599,0.000151422,0.000151422,0.0125736,0.0125736,0.0249423,0.0249423,0.298848,0.598023,0.0161287,0.00312476,0.00312476,0.001252635,0.001252635,4.88E-05,1.53E-04,1.53E-04,4.60E-04,4.60E-04,1.91E-05,1.91E-05,3.98E-04,0.000398427
0.604,2.85E-08,1.86E-06,8.40E-06,0.00011985,0.000688355,0.000153563,0.000153563,0.0127345,0.0127345,0.02509815,0.02509815,0.299084,0.597,0.0160933,0.00316264,0.00316264,0.00127666,0.00127666,4.98E-05,1.55E-04,1.55E-04,4.71E-04,4.71E-04,1.95E-05,1.95E-05,4.06E-04,0.000406454
0.608,2.98E-08,1.94E-06,8.70E-06,0.000123207,0.00070329,0.00015571,0.00015571,0.0128957,0.0128957,0.0252529,0.0252529,0.29931,0.595985,0.0160585,0.003200565,0.003200565,0.001300905,0.001300905,5.09E-05,1.57E-04,1.57E-04,4.82E-04,4.82E-04,1.99E-05,1.99E-05,4.15E-04,0.000414568
0.612,3.11E-08,2.03E-06,9.00E-06,0.000126625,0.000718403,0.000157864,0.000157864,0.01305715,0.01305715,0.02540665,0.02540665,0.299526,0.59498,0.0160242,0.003238535,0.003238535,0.001325375,0.001325375,5.20E-05,1.59E-04,1.59E-04,4.93E-04,4.93E-04,2.04E-05,2.04E-05,4.23E-04,0.00042277
0.616,3.25E-08,2.11E-06,9.31E-06,0.000130107,0.000733695,0.000160023,0.000160023,0.01321885,0.01321885,0.0255593,0.0255593,0.299733,0.593984,0.0159905,0.00327655,0.00327655,0.00135006,0.00135006,5.31E-05,1.61E-04,1.61E-04,5.04E-04,5.04E-04,2.08E-05,2.08E-05,4.31E-04,0.000431059
0.62,3.40E-08,2.20E-06,9.62E-06,0.000133651,0.000749165,0.000162188,0.000162188,0.01338075,0.01338075,0.02571095,0.02571095,0.299931,0.592997,0.0159572,0.003314605,0.003314605,0.001374965,0.001374965,5.42E-05,1.64E-04,1.64E-04,5.15E-04,5.15E-04,2.12E-05,2.12E-05,4.39E-04,0.000439435
0.624,3.55E-08,2.29E-06,9.95E-06,0.000137258,0.000764812,0.000164359,0.000164359,0.0135429,0.0135429,0.02586155,0.02586155,0.300121,0.592019,0.0159244,0.003352695,0.003352695,0.001400085,0.001400085,5.53E-05,1.66E-04,1.66E-04,5.26E-04,5.26E-04,2.17E-05,2.17E-05,4.48E-04,0.000447898
0.628,3.71E-08,2.38E-06,1.03E-05,0.000140928,0.000780638,0.000166535,0.000166535,0.0137053,0.0137053,0.0260111,0.0260111,0.300301,0.59105,0.015892,0.003390825,0.003390825,0.001425425,0.001425425,5.65E-05,1.68E-04,1.68E-04,5.37E-04,5.37E-04,2.21E-05,2.21E-05,4.56E-04,0.000456448
0.632,3.87E-08,2.48E-06,1.06E-05,0.000144663,0.000796641,0.000168716,0.000168716,0.01386785,0.01386785,0.02615965,0.02615965,0.300473,0.590089,0.0158601,0.00342899,0.00342899,0.00145098,0.00145098,5.76E-05,1.70E-04,1.70E-04,5.49E-04,5.49E-04,2.25E-05,2.25E-05,4.65E-04,0.000465086
0.636,4.04E-08,2.57E-06,1.10E-05,0.000148462,0.000812822,0.000170902,0.000170902,0.0140306,0.0140306,0.02630715,0.02630715,0.300636,0.589136,0.0158287,0.003467185,0.003467185,0.001476745,0.001476745,5.88E-05,1.73E-04,1.73E-04,5.61E-04,5.61E-04,2.30E-05,2.30E-05,4.74E-04,0.00047381
0.64,4.21E-08,2.68E-06,1.13E-05,0.000152326,0.00082918,0.000173093,0.000173093,0.0141935,0.0141935,0.02645365,0.02645365,0.300791,0.588192,0.0157976,0.00350541,0.00350541,0.001502725,0.001502725,5.99E-05,1.75E-04,1.75E-04,5.73E-04,5.73E-04,2.34E-05,2.34E-05,4.83E-04,0.000482621
0.644,4.39E-08,2.78E-06,1.17E-05,0.000156256,0.000845714,0.000175289,0.000175289,0.0143566,0.0143566,0.02659915,0.02659915,0.300938,0.587256,0.015767,0.003543665,0.003543665,0.001528915,0.001528915,6.11E-05,1.77E-04,1.77E-04,5.85E-04,5.85E-04,2.39E-05,2.39E-05,4.92E-04,0.000491518
0.648,4.58E-08,2.89E-06,1.21E-05,0.00016025,0.000862426,0.000177489,0.000177489,0.01451985,0.01451985,0.0267436,0.0267436,0.301077,0.586327,0.0157368,0.003581945,0.003581945,0.00155532,0.00155532,6.23E-05,1.79E-04,1.79E-04,5.97E-04,5.97E-04,2.44E-05,2.44E-05,5.01E-04,0.0005005
0.652,4.77E-08,3.00E-06,1.24E-05,0.000164311,0.000879313,0.000179693,0.000179693,0.0146832,0.0146832,0.0268871,0.0268871,0.301209,0.585407,0.0157069,0.003620245,0.003620245,0.00158193,0.00158193,6.35E-05,1.82E-04,1.82E-04,6.09E-04,6.09E-04,2.48E-05,2.48E-05,5.10E-04,0.000509575
0.656,4.97E-08,3.12E-06,1.28E-05,0.000168438,0.000896377,0.000181902,0.000181902,0.0148467,0.0148467,0.0270296,0.0270296,0.301333,0.584494,0.0156774,0.003658575,0.003658575,0.001608745,0.001608745,6.47E-05,1.84E-04,1.84E-04,6.22E-04,6.22E-04,2.53E-05,2.53E-05,5.19E-04,0.00051873
0.66,5.17E-08,3.24E-06,1.32E-05,0.000172632,0.000913616,0.000184114,0.000184114,0.0150103,0.0150103,0.0271711,0.0271711,0.301449,0.583589,0.0156483,0.00369692,0.00369692,0.00163577,0.00163577,6.60E-05,1.86E-04,1.86E-04,6.34E-04,6.34E-04,2.58E-05,2.58E-05,5.28E-04,0.000527975
0.664,5.39E-08,3.36E-06,1.36E-05,0.000176892,0.00093103,0.00018633,0.00018633,0.015174,0.015174,0.0273116,0.0273116,0.301559,0.582692,0.0156195,0.003735285,0.003735285,0.001662995,0.001662995,6.72E-05,1.88E-04,1.88E-04,6.47E-04,6.47E-04,2.63E-05,2.63E-05,5.37E-04,0.0005373
0.668,5.60E-08,3.48E-06,1.41E-05,0.00018122,0.00094862,0.00018855,0.00018855,0.0153378,0.0153378,0.02745115,0.02745115,0.301661,0.581801,0.0155911,0.003773665,0.003773665,0.00169043,0.00169043,6.84E-05,1.91E-04,1.91E-04,6.60E-04,6.60E-04,2.68E-05,2.68E-05,5.47E-04,0.00054672
0.672,5.83E-08,3.61E-06,1.45E-05,0.000185616,0.000966384,0.000190773,0.000190773,0.0155017,0.0155017,0.02758975,0.02758975,0.301756,0.580918,0.015563,0.00381206,0.00381206,0.001718065,0.001718065,6.97E-05,1.93E-04,1.93E-04,6.73E-04,6.73E-04,2.73E-05,2.73E-05,5.56E-04,0.00055622
0.676,6.06E-08,3.75E-06,1.49E-05,0.00019008,0.000984322,0.000193,0.000193,0.01566565,0.01566565,0.02772735,0.02772735,0.301844,0.580042,0.0155352,0.00385047,0.00385047,0.0017459,0.0017459,7.10E-05,1.95E-04,1.95E-04,6.86E-04,6.86E-04,2.78E-05,2.78E-05,5.66E-04,0.000565805
0.68,6.30E-08,3.88E-06,1.54E-05,0.000194612,0.00100243,0.000195229,0.000195229,0.01582965,0.01582965,0.027864,0.027864,0.301926,0.579173,0.0155078,0.00388889,0.00388889,0.001773935,0.001773935,7.23E-05,1.97E-04,1.97E-04,6.99E-04,6.99E-04,2.83E-05,2.83E-05,5.75E-04,0.00057548
0.684,6.55E-08,4.02E-06,1.58E-05,0.000199213,0.00102072,0.000197462,0.000197462,0.0159937,0.0159937,0.02799975,0.02799975,0.302001,0.578311,0.0154806,0.00392732,0.00392732,0.001802165,0.001802165,7.36E-05,2.00E-04,2.00E-04,7.13E-04,7.13E-04,2.88E-05,2.88E-05,5.85E-04,0.000585235
0.688,6.81E-08,4.17E-06,1.63E-05,0.000203883,0.00103918,0.000199697,0.000199697,0.0161578,0.0161578,0.0281345,0.0281345,0.30207,0.577456,0.0154537,0.00396576,0.00396576,0.001830595,0.001830595,7.49E-05,2.02E-04,2.02E-04,7.26E-04,7.26E-04,2.93E-05,2.93E-05,5.95E-04,0.00059508
0.692,7.07E-08,4.32E-06,1.68E-05,0.000208622,0.00105781,0.000201935,0.000201935,0.0163219,0.0163219,0.02826835,0.02826835,0.302133,0.576607,0.0154272,0.004004205,0.004004205,0.00185922,0.00185922,7.62E-05,2.04E-04,2.04E-04,7.40E-04,7.40E-04,2.98E-05,2.98E-05,6.05E-04,0.000605005
0.696,7.34E-08,4.47E-06,1.73E-05,0.000213431,0.00107661,0.000204176,0.000204176,0.01648605,0.01648605,0.02840125,0.02840125,0.302189,0.575765,0.0154009,0.00404266,0.00404266,0.00188804,0.00188804,7.75E-05,2.07E-04,2.07E-04,7.54E-04,7.54E-04,3.03E-05,3.03E-05,6.15E-04,0.00061502
0.7,7.62E-08,4.63E-06,1.78E-05,0.000218309,0.00109559,0.000206418,0.000206418,0.01665015,0.01665015,0.0285332,0.0285332,0.30224,0.574929,0.0153749,0.004081115,0.004081115,0.001917055,0.001917055,7.89E-05,2.09E-04,2.09E-04,7.68E-04,7.68E-04,3.08E-05,3.08E-05,6.25E-04,0.00062512
0.704,7.91E-08,4.79E-06,1.83E-05,0.000223258,0.00111473,0.000208663,0.000208663,0.0168143,0.0168143,0.02866425,0.02866425,0.302284,0.574099,0.0153491,0.00411957,0.00411957,0.001946255,0.001946255,8.02E-05,2.11E-04,2.11E-04,7.82E-04,7.82E-04,3.14E-05,3.14E-05,6.35E-04,0.0006353
0.708,8.21E-08,4.95E-06,1.88E-05,0.000228277,0.00113405,0.000210911,0.000210911,0.01697845,0.01697845,0.0287944,0.0287944,0.302323,0.573276,0.0153237,0.00415803,0.00415803,0.00197565,0.00197565,8.16E-05,2.13E-04,2.13E-04,7.96E-04,7.96E-04,3.19E-05,3.19E-05,6.46E-04,0.000645565
0.712,8.51E-08,5.12E-06,1.93E-05,0.000233366,0.00115354,0.00021316,0.00021316,0.01714255,0.01714255,0.02892365,0.02892365,0.302356,0.572459,0.0152984,0.00419649,0.00419649,0.002005235,0.002005235,8.29E-05,2.16E-04,2.16E-04,8.11E-04,8.11E-04,3.24E-05,3.24E-05,6.56E-04,0.00065592
0.716,8.82E-08,5.30E-06,1.99E-05,0.000238527,0.00117319,0.00021541,0.00021541,0.0173066,0.0173066,0.029052,0.029052,0.302384,0.571648,0.0152735,0.004234945,0.004234945,0.002035005,0.002035005,8.43E-05,2.18E-04,2.18E-04,8.25E-04,8.25E-04,3.30E-05,3.30E-05,6.66E-04,0.000666355
0.72,9.15E-08,5.48E-06,2.04E-05,0.000243759,0.00119302,0.000217663,0.000217663,0.0174706,0.0174706,0.02917945,0.02917945,0.302406,0.570843,0.0152487,0.0042734,0.0042734,0.00206496,0.00206496,8.57E-05,2.20E-04,2.20E-04,8.40E-04,8.40E-04,3.35E-05,3.35E-05,6.77E-04,0.000676875
0.724,9.48E-08,5.66E-06,2.10E-05,0.000249062,0.00121301,0.000219917,0.000219917,0.0176346,0.0176346,0.029306,0.029306,0.302423,0.570043,0.0152242,0.00431185,0.00431185,0.0020951,0.0020951,8.71E-05,2.23E-04,2.23E-04,8.55E-04,8.55E-04,3.41E-05,3.41E-05,6.87E-04,0.000687475
0.728,9.82E-08,5.85E-06,2.15E-05,0.000254437,0.00123317,0.000222172,0.000222172,0.0177985,0.0177985,0.0294317,0.0294317,0.302435,0.56925,0.0152,0.004350295,0.004350295,0.002125425,0.002125425,8.85E-05,2.25E-04,2.25E-04,8.70E-04,8.70E-04,3.46E-05,3.46E-05,6.98E-04,0.000698165
0.732,1.02E-07,6.04E-06,2.21E-05,0.000259884,0.0012535,0.000224429,0.000224429,0.01796235,0.01796235,0.0295565,0.0295565,0.302441,0.568462,0.015176,0.004388735,0.004388735,0.00215593,0.00215593,9.00E-05,2.27E-04,2.27E-04,8.85E-04,8.85E-04,3.52E-05,3.52E-05,7.09E-04,0.000708935
0.736,1.05E-07,6.24E-06,2.27E-05,0.000265403,0.001274,0.000226686,0.000226686,0.01812615,0.01812615,0.02968045,0.02968045,0.302443,0.567679,0.0151522,0.004427165,0.004427165,0.002186615,0.002186615,9.14E-05,2.30E-04,2.30E-04,9.01E-04,9.01E-04,3.58E-05,3.58E-05,7.20E-04,0.00071979
0.74,1.09E-07,6.45E-06,2.33E-05,0.000270994,0.00129467,0.000228945,0.000228945,0.0182898,0.0182898,0.02980355,0.02980355,0.30244,0.566902,0.0151286,0.004465585,0.004465585,0.00221748,0.00221748,9.28E-05,2.32E-04,2.32E-04,9.16E-04,9.16E-04,3.63E-05,3.63E-05,7.31E-04,0.000730725
0.744,1.13E-07,6.65E-06,2.39E-05,0.000276658,0.00131549,0.000231204,0.000231204,0.0184534,0.0184534,0.0299258,0.0299258,0.302432,0.56613,0.0151052,0.004504,0.004504,0.00224852,0.00224852,9.43E-05,2.34E-04,2.34E-04,9.32E-04,9.32E-04,3.69E-05,3.69E-05,7.42E-04,0.000741745
0.748,1.17E-07,6.87E-06,2.45E-05,0.000282395,0.00133649,0.000233465,0.000233465,0.0186169,0.0186169,0.0300472,0.0300472,0.30242,0.565364,0.015082,0.0045424,0.0045424,0.00227974,0.00227974,9.58E-05,2.37E-04,2.37E-04,9.47E-04,9.47E-04,3.75E-05,3.75E-05,7.53E-04,0.000752845
0.752,1.21E-07,7.09E-06,2.52E-05,0.000288204,0.00135765,0.000235725,0.000235725,0.0187803,0.0187803,0.03016775,0.03016775,0.302403,0.564603,0.015059,0.00458079,0.00458079,0.002311135,0.002311135,9.72E-05,2.39E-04,2.39E-04,9.63E-04,9.63E-04,3.81E-05,3.81E-05,7.64E-04,0.00076403
0.756,1.25E-07,7.31E-06,2.58E-05,0.000294087,0.00137897,0.000237987,0.000237987,0.01894355,0.01894355,0.03028745,0.03028745,0.302381,0.563847,0.0150363,0.004619165,0.004619165,0.0023427,0.0023427,9.87E-05,2.41E-04,2.41E-04,9.79E-04,9.79E-04,3.87E-05,3.87E-05,7.75E-04,0.0007753
0.76,1.29E-07,7.54E-06,2.65E-05,0.000300043,0.00140046,0.000240248,0.000240248,0.0191067,0.0191067,0.03040635,0.03040635,0.302355,0.563096,0.0150137,0.00465753,0.00465753,0.00237444,0.00237444,0.000100229,0.000243585,0.000243585,0.000995405,0.000995405,3.92524E-05,3.92524E-05,0.000786645,0.000786645
0.764,1.34E-07,7.78E-06,2.72E-05,0.000306072,0.00142211,0.00024251,0.00024251,0.0192697,0.0192697,0.0305244,0.0305244,0.302325,0.56235,0.0149913,0.004695875,0.004695875,0.00240635,0.00240635,0.000101736,0.000245912,0.000245912,0.0010117,0.0010117,3.98473E-05,3.98473E-05,0.00079808,0.00079808
0.768,1.38E-07,8.02E-06,2.79E-05,0.000312175,0.00144392,0.000244772,0.000244772,0.01943255,0.01943255,0.03064165,0.03064165,0.302291,0.561609,0.0149691,0.00473421,0.00473421,0.00243843,0.00243843,0.000103253,0.00024824,0.00024824,0.001028135,0.001028135,4.04464E-05,4.04464E-05,0.00080959,0.00080959
0.772,1.43E-07,8.27E-06,2.86E-05,0.000318352,0.00146589,0.000247034,0.000247034,0.01959525,0.01959525,0.0307581,0.0307581,0.302252,0.560872,0.0149471,0.00477252,0.00477252,0.002470675,0.002470675,0.00010478,0.000250569,0.000250569,0.00104471,0.00104471,4.10497E-05,4.10497E-05,0.000821185,0.000821185
0.776,1.47E-07,8.52E-06,2.93E-05,0.000324603,0.00148803,0.000249296,0.000249296,0.01975785,0.01975785,0.03087375,0.03087375,0.30221,0.56014,0.0149253,0.00481082,0.00481082,0.00250309,0.00250309,0.000106317,0.000252899,0.000252899,0.001061425,0.001061425,4.16571E-05,4.16571E-05,0.00083286,0.00083286
0.78,1.52E-07,8.78E-06,3.00E-05,0.000330928,0.00151032,0.000251558,0.000251558,0.01992025,0.01992025,0.0309886,0.0309886,0.302164,0.559413,0.0149037,0.0048491,0.0048491,0.002535665,0.002535665,0.000107863,0.000255229,0.000255229,0.00107828,0.00107828,4.22686E-05,4.22686E-05,0.00084462,0.00084462
0.784,1.57E-07,9.04E-06,3.07E-05,0.000337328,0.00153278,0.000253819,0.000253819,0.02008245,0.02008245,0.03110265,0.03110265,0.302114,0.558691,0.0148822,0.00488736,0.00488736,0.00256841,0.00256841,0.000109419,0.000257559,0.000257559,0.00109527,0.00109527,4.28842E-05,4.28842E-05,0.000856455,0.000856455
0.788,1.62E-07,9.31E-06,3.15E-05,0.000343802,0.00155539,0.00025608,0.00025608,0.0202445,0.0202445,0.03121595,0.03121595,0.30206,0.557973,0.0148609,0.004925595,0.004925595,0.002601315,0.002601315,0.000110985,0.00025989,0.00025989,0.0011124,0.0011124,4.35039E-05,4.35039E-05,0.000868375,0.000868375
0.792,1.67E-07,9.59E-06,3.22E-05,0.00035035,0.00157816,0.000258341,0.000258341,0.0204064,0.0204064,0.03132845,0.03132845,0.302002,0.55726,0.0148397,0.004963815,0.004963815,0.00263438,0.00263438,0.00011256,0.000262221,0.000262221,0.00112967,0.00112967,4.41277E-05,4.41277E-05,0.00088037,0.00088037
0.796,1.73E-07,9.87E-06,3.30E-05,0.000356986,0.00160112,0.0002606,0.0002606,0.02056805,0.02056805,0.03144005,0.03144005,0.30194,0.556551,0.0148188,0.005002,0.005002,0.00266763,0.00266763,0.000114145,0.000264552,0.000264552,0.0011471,0.0011471,4.47562E-05,4.47562E-05,0.000892465,0.000892465
0.8,1.78E-07,1.02E-05,3.38E-05,0.000363671,0.00162418,0.000262859,0.000262859,0.02072955,0.02072955,0.03155115,0.03155115,0.301876,0.555846,0.0147979,0.0050402,0.0050402,0.00270099,0.00270099,0.000115738,0.000266884,0.000266884,0.00116462,0.00116462,4.53873E-05,4.53873E-05,0.00090461,0.00090461
